site,abs_diffsel,positive_diffsel,negative_diffsel,max_diffsel,min_diffsel
49,15.745929595898197,4.3001423066657996,-11.445787289232397,1.3722422799342406,-2.340312129977818
18,14.066513685004326,10.863828448107155,-3.20268523689717,1.521452058253312,-1.4777449217815521
10,14.043324280956504,11.849310151609053,-2.194014129347453,3.0936552377037088,-0.7085835392696853
94,13.92671414934882,11.331102683655308,-2.5956114656935116,1.7852904480980663,-1.6756043081283072
96,13.89206750286349,7.036250913880714,-6.8558165889827745,2.0295961216824856,-2.0621822936633674
72,13.727775119541445,5.571657900706992,-8.156117218834455,2.23393470857583,-2.4455183738135906
74,13.615681081879723,8.723168300084065,-4.892512781795658,1.6657206597447656,-1.7643417665455225
43,13.254049900683219,11.431985169895864,-1.8220647307873543,2.101691185957698,-1.0965739970441786
76,12.811845718072721,10.550060154681558,-2.2617855633911628,2.0807780811797842,-1.0573455438838035
42,12.586225653675857,9.712729762803653,-2.873495890872203,1.7886339484488203,-0.6758890571477667
39,12.488249909814048,8.309902672563316,-4.1783472372507315,1.8849217093841253,-1.541931369797055
22,12.373739834334035,6.681706479664857,-5.692033354669176,1.9041879358100278,-1.1346124830099467
95,12.318576368920132,6.795599704846191,-5.522976664073942,1.4695922112574478,-2.139404695592338
46,12.2973321343648,10.311717296771008,-1.9856148375937912,1.9051253492151692,-0.774265180485926
51,11.954663867069556,9.582635596503113,-2.3720282705664433,2.181858786795096,-0.7839014892892138
26,11.828136384564978,7.948153365141472,-3.879983019423508,1.4695283214687558,-0.9167619943635906
63,11.779252799322036,3.1535265586109897,-8.625726240711048,1.1313803018541682,-2.0546590393211392
109,11.651567226534205,0.2581736267976528,-11.393393599736553,0.25612423856280514,-2.551230683494799
105,11.49589803940626,8.279181530766158,-3.216716508640104,1.920243380464626,-0.7727338159706912
36,11.296699195289339,5.8416730718588825,-5.455026123430457,1.3139371232147299,-1.3598917702869207
14,11.243933837536208,8.37133013569598,-2.8726037018402297,2.021947824608273,-0.8581762770920521
15,11.074584162636151,3.446628497936268,-7.627955664699883,1.3011870914927566,-1.8698713450115965
6,10.984274077783507,6.9787169371809075,-4.005557140602598,1.8597321232760933,-1.2135053224444061
4,10.255859165759524,4.669447696954451,-5.586411468805073,1.728838122497749,-1.1991621973596642
33,10.158115930373151,9.291717452379714,-0.8663984779934369,2.182078373508903,-0.48356145719099225
29,9.97508578720905,2.7224393884894917,-7.252646398719559,1.4351366273873694,-1.818396171417509
98,9.698513979817468,8.30179637809584,-1.396717601721628,3.165498147191161,-0.690050098089061
50,9.69114854685706,6.3528933268202366,-3.3382552200368205,1.787883044965275,-0.7243252281430008
101,9.646550472172164,6.716948917955604,-2.929601554216558,1.5310963109298033,-0.8659094523974615
25,9.56208024570909,6.434725741405543,-3.1273545043035478,1.2989305811890404,-1.0910073259496782
38,9.544880132831242,3.733948112332649,-5.810932020498592,1.5050783006780935,-1.76252436355457
17,9.515222656757814,5.5973364854338925,-3.9178861713239233,2.233158199050568,-1.0139582368445448
11,9.01401626019275,7.373758218765921,-1.640258041426828,2.4625539396120724,-0.845432942997905
41,8.984246079017831,6.602192929481873,-2.3820531495359583,2.1612698317387498,-1.0199502176400173
47,8.96526732819001,6.513731933251382,-2.451535394938627,1.3114497099110927,-1.0094558629863175
45,8.871812510938161,4.9107815976495965,-3.961030913288565,1.242560876153303,-1.1361864546111227
19,8.803349068164934,8.803349068164934,0.0,2.9932237401774793,0.0
23,8.690064477730413,5.896835879604541,-2.7932285981258733,1.2759857052565593,-0.839533659758343
107,8.687234584832181,6.7686833401718705,-1.9185512446603106,1.45330675105088,-0.5886002430603647
21,8.379861196926637,3.4833809057723326,-4.896480291154303,1.080001316354928,-1.6362057176444806
35,8.220555331164817,3.160310345821505,-5.0602449853433145,2.098808413521587,-1.659924283882114
103,8.184251538835868,6.6745502177805776,-1.509701321055291,1.4581364129411678,-0.8258265610611328
20,7.991181301995886,4.125190886033583,-3.8659904159623015,1.5078726520361525,-1.0140722568195704
110,7.491579062813677,3.9980318741236136,-3.4935471886900618,1.631001355664257,-2.0615462059183396
44,7.4273248949068105,6.081579985032366,-1.345744909874443,2.345169357802641,-0.5215957273545704
99,7.342404036135902,5.266793885674143,-2.07561015046176,1.3967921385407307,-1.6490766792110407
108,7.330044678445452,4.1087936758313885,-3.2212510026140633,1.265272201058969,-1.7654275377003041
67,7.31079626356334,6.826301728326886,-0.4844945352364542,2.9139341751995502,-0.4844945352364542
53,7.028990534454892,5.112535416727898,-1.9164551177269948,0.9803884099250304,-1.0792850331167367
48,6.8500526164298,5.618210971965605,-1.231841644464195,2.3753894953379024,-0.4847446886002143
69,6.833824342689959,5.775334694019541,-1.0584896486704172,1.338374890221044,-0.4845573475387263
30,6.617954132184863,4.537589639231137,-2.0803644929537253,1.56711797170739,-1.8115947175521967
61,6.533893499476644,6.01093309176518,-0.5229604077114642,3.5351482692757727,-0.2614802038557321
93,6.230208393805095,5.535522665107734,-0.6946857286973613,1.6462191352182907,-0.4722190670196228
70,6.129666468998936,3.6124264273825486,-2.517240041616387,1.1759087857855564,-1.2283002911507739
59,6.123309609551362,4.442957549801322,-1.68035205975004,2.5241211583253276,-1.1891935456665719
90,6.067668080204796,4.984845502724197,-1.0828225774805982,1.399380584909916,-0.820517133460219
66,5.9349909994106245,4.884962405316521,-1.050028594094104,1.625441027718672,-0.6775122399152395
64,5.868493124499486,4.964548598089156,-0.9039445264103312,2.6539930150841826,-0.48419926976600536
104,5.669672673808346,5.142145098798456,-0.527527575009891,2.1445452493226465,-0.2620882870478576
60,5.499868137169969,1.7802376315130015,-3.7196305056569665,1.3519175600111553,-1.6434175467399594
34,5.495385553085392,3.082851580425017,-2.412533972660375,1.630331487148461,-0.7946179764707395
24,5.457388426317098,5.457388426317098,0.0,2.1673400358993784,0.0
8,5.392563074293819,3.989073857355555,-1.4034892169382656,0.9851247184515931,-0.6014413333012321
28,5.172738682343324,2.926874261261517,-2.245864421081806,1.1246677939537972,-1.1371053559144493
7,5.1365366120826765,4.659770070887492,-0.476766541195184,3.1951760698295644,-0.476766541195184
80,4.574298059812429,4.3119057840389745,-0.26239227577345503,2.494946685125121,-0.26239227577345503
55,4.568828280193678,4.0440063581691845,-0.5248219220244942,1.1802614951691304,-0.2625275291027277
78,4.506486761082291,3.4620252579869155,-1.0444615030953759,1.7644740155517027,-0.6771665939677124
0,4.494640048531658,4.033168271827136,-0.461471776704522,1.4688182524966857,-0.2620297738494742
92,4.39496547870666,4.326154497418518,-0.06881098128814271,1.5347429806713409,-0.06881098128814271
13,4.367163591167084,3.621419711969333,-0.7457438791977504,1.1095191915765357,-0.4840681502670992
88,4.349320554276582,3.009249438557917,-1.3400711157186629,1.193443206546137,-1.028424131945512
82,4.328483341928868,2.796092072490405,-1.5323912694384625,1.7288120516581296,-1.0755284259163336
73,4.236584445568216,3.9004433215619962,-0.3361411240062198,1.6647629012168692,-0.329034609446791
56,4.169946308795453,2.100990905293807,-2.068955403501647,1.4525677501597665,-1.8064917242993828
91,4.092754468068285,1.8266052766838388,-2.2661491913844447,0.7144378798736681,-0.9699569022818201
5,4.003104943503859,2.8093887586023447,-1.1937161849015139,0.6514961941114462,-0.7089645970235634
37,3.969421071686147,2.9508100031292224,-1.0186110685569245,2.6812199695034793,-1.0186110685569245
79,3.968707246660154,1.7689195759411063,-2.1997876707190476,1.3258548612628267,-1.4721398309882467
77,3.9488279171567786,3.167945618209212,-0.7808822989475663,1.6946632639153978,-0.5183632647841407
16,3.9384125719263006,0.7290772932772254,-3.2093352786490748,0.4556899060381257,-0.8338950049569165
71,3.8802685916143878,2.8755796555317463,-1.004688936082642,0.8823943438498312,-0.7395306961359215
3,3.736884619002212,2.7963038726731364,-0.9405807463290752,0.8587198391033606,-0.6778091228039596
54,3.707566737668824,2.404941720389121,-1.3026250172797036,1.3866566520693708,-0.46973869641881166
62,3.6570425440451118,2.4299316630154064,-1.2271108810297058,1.2286895344928053,-0.5032675042153751
40,3.6221821648260133,1.69632990625569,-1.9258522585703233,1.4381316087298586,-1.0174069934501548
27,3.6015424774738256,2.833350792560834,-0.7681916849129917,1.5972524252760905,-0.2626485018893517
84,3.58425625806447,3.58425625806447,0.0,1.5447036840072315,0.0
57,3.5238888531763615,0.10284689002888975,-3.4210419631474718,0.10284689002888975,-0.6783455495005711
97,3.3664799176499933,3.3626085240825656,-0.003871393567427866,1.488132128741317,-0.003871393567427866
65,3.200529323692562,2.4861661820469343,-0.7143631416456275,1.0047185814006094,-0.4849842082001362
89,3.1279523649935346,2.538119133607761,-0.5898332313857737,1.1851426949900423,-0.33819924075191266
100,3.055715720773917,1.8967141451770466,-1.1590015755968701,1.646314328180804,-0.6116452831342432
32,2.8708504606275,1.1800094952616862,-1.690840965365815,0.5789388569476054,-0.7538385920237847
81,2.7966792585796894,1.6705934611502107,-1.1260857974294785,1.45473957537854,-1.1260857974294785
31,2.7824835434497257,2.7622991799960506,-0.020184363453675233,1.5652565064533865,-0.020184363453675233
12,2.529396922205077,1.8155859550762563,-0.7138109671288208,0.6680145378738445,-0.4512478699488343
87,2.1991050356950583,1.5380619201606702,-0.6610431155343881,1.5330480753956248,-0.39832207499840955
1,2.1901085322986966,1.2292914623510476,-0.9608170699476489,1.2292914623510476,-0.7164603482812149
52,1.9921328790688275,1.8925916931337516,-0.0995411859350758,0.4778573159997742,-0.0995411859350758
106,1.898869862646412,0.8278132805362708,-1.0710565821101417,0.5658172193238592,-0.4853311449047624
75,1.8594614866548027,0.734597279366009,-1.1248642072887938,0.4567791185437734,-0.8976656067746245
2,1.7865927196802152,0.805060119008001,-0.9815326006722142,0.435558267056312,-0.9812329215041743
58,1.7807464755725364,1.5178202625422426,-0.26292621303029373,0.5160522516788486,-0.26292621303029373
85,1.617211727028208,0.20393926432238788,-1.4132724627058202,0.20393926432238788,-0.4855294172477322
83,1.5940134411140718,0.5059777419800009,-1.0880356991340707,0.40648394138746463,-0.7117965696564761
102,1.3813643497511965,1.1544337713056583,-0.22693057844553838,0.5140462094690272,-0.21793364120718073
86,1.3193317016089994,1.3193317016089994,0.0,0.6693428021763117,0.0
9,1.1961700200336343,1.1961700200336343,0.0,0.9815768104093693,0.0
68,0.8036436696371576,0.3047672665865366,-0.4988764030506212,0.30310034004749214,-0.24915505774498942
