site,wildtype,mutation,mutdiffsel
340,T,L,3.1616918054325898
352,Q,L,1.8611087268755993
340,T,I,1.7294184363607332
419,E,M,1.412377427961809
352,Q,M,1.3179014097039456
421,K,S,1.2538660367226508
424,V,Q,1.2232147543328902
354,R,A,1.158066985699156
438,R,V,1.132910247096785
341,G,C,1.1310369048454405
340,T,V,1.080860342376708
354,R,L,1.0703888504212244
376,N,Q,1.039838188030836
340,T,M,1.0014837864065287
413,I,C,0.9577355869489828
445,R,Q,0.9565276751533759
382,L,F,0.9547575421880122
434,A,E,0.9192630184847784
406,S,A,0.8829270167621228
354,R,M,0.880791186024323
369,E,I,0.8617497539317595
410,L,V,0.8482948524391397
373,Q,K,0.8460251162796961
428,N,A,0.8364076030253099
342,I,W,0.8345487778959059
350,Y,L,0.833735838050421
438,R,Q,0.8296995634048577
431,R,A,0.8225816224733901
438,R,A,0.804197606411393
402,N,Q,0.7918274779515556
424,V,G,0.7842523324796652
372,R,I,0.7801042324471285
354,R,Q,0.779488539051305
388,K,H,0.7767015272631399
442,H,S,0.749646874058357
449,H,F,0.7472404647548356
423,A,S,0.746764636495009
409,A,S,0.7467448270602045
438,R,L,0.7430197395763983
445,R,E,0.7407394501132121
419,E,N,0.7384610873055167
341,G,M,0.7284184207302343
377,I,F,0.7240296432022751
341,G,V,0.7233046713987129
369,E,K,0.7211850510120722
368,Q,G,0.716673621586152
391,R,C,0.712078501002939
428,N,H,0.6970567458135415
395,C,F,0.6963034575009818
369,E,R,0.6889939535217477
419,E,Y,0.6782968331739333
376,N,E,0.6731755888329781
398,E,Q,0.662662618298328
442,H,Q,0.6595256892042118
419,E,R,0.6455472422066507
421,K,D,0.6379780018973195
450,S,T,0.6368251288792195
449,H,S,0.6337753598357277
445,R,C,0.633661735272223
438,R,C,0.6321846792252749
394,V,M,0.6308518094367512
438,R,T,0.6294487222402086
434,A,D,0.6276594845473753
424,V,L,0.625770612302711
369,E,A,0.62506931022961
427,V,T,0.6124366228460961
368,Q,S,0.6076496629293127
338,G,A,0.6013010877888455
341,G,T,0.5973218638715726
430,P,C,0.5910377677523416
426,A,S,0.5907831087559196
369,E,N,0.5885892035348057
431,R,N,0.5834530622986426
369,E,W,0.5783119379884524
424,V,E,0.5740268639702927
395,C,M,0.5712870059199655
449,H,M,0.5576322797687843
369,E,H,0.5467752232358837
430,P,D,0.546287939610426
369,E,V,0.5461782300597801
341,G,I,0.5452806890147627
441,E,M,0.5435364470447889
441,E,I,0.5350704427647216
445,R,I,0.5325541789230251
445,R,N,0.5241279814179395
431,R,L,0.5216532864127394
369,E,Q,0.5212815211052727
385,E,L,0.520485742795536
445,R,H,0.5121368231939009
449,H,L,0.5052681285590731
380,S,M,0.5008394067349816
445,R,L,0.4984940719762627
338,G,M,0.4959515032619191
440,R,K,0.48873443740555783
410,L,M,0.48519822856648104
400,F,V,0.4801678717257474
430,P,E,0.47719739240521775
442,H,L,0.47592186104215534
412,A,E,0.4752799719159384
449,H,I,0.4682878354478546
404,V,I,0.46231009933923245
391,R,E,0.456860151490084
438,R,F,0.45681368000073813
419,E,H,0.4562010541492892
399,E,R,0.45375873911551673
354,R,N,0.4496308617035847
382,L,Y,0.4461647844086
415,E,Q,0.44025267673746177
410,L,I,0.4400229566731552
363,R,M,0.43813366103905577
419,E,K,0.4348182116296507
352,Q,V,0.4313590990847644
442,H,M,0.42695691544552306
445,R,D,0.4260778535693292
424,V,W,0.424859575456946
419,E,I,0.4241875894241445
395,C,L,0.42256197132128226
445,R,A,0.4143890300838444
389,R,Y,0.4108872800930449
424,V,A,0.40815352819557377
438,R,N,0.4078629999305779
343,A,C,0.4055642291394081
449,H,C,0.4035294273113799
442,H,N,0.4026519874813093
423,A,D,0.3988968352800181
450,S,A,0.3968628942095558
432,F,C,0.39615001047332116
374,V,T,0.3921664700709914
398,E,S,0.3915351275248303
434,A,W,0.39099432245260474
449,H,W,0.3909294653062961
438,R,I,0.38961660135419957
362,T,N,0.3850171606991124
351,G,V,0.3850169141009367
421,K,N,0.38466706171975007
419,E,Q,0.3843999121925754
438,R,S,0.38048422702937557
446,G,N,0.378976346864805
369,E,C,0.37807473351327947
421,K,H,0.37636323564475144
399,E,M,0.37547251947177535
389,R,N,0.37064328433599575
364,V,L,0.36793094116479513
428,N,M,0.3678209266931472
391,R,M,0.360297376647595
354,R,W,0.35659726988963314
445,R,K,0.35074578205960044
421,K,G,0.3494506742539545
424,V,H,0.3449181050060921
431,R,C,0.336491418617108
442,H,A,0.3356358895524119
438,R,H,0.3348388275401368
354,R,V,0.3345742981502356
341,G,S,0.33391219793311344
404,V,C,0.33360379365647036
442,H,C,0.3320565093858748
419,E,W,0.3299163402568041
421,K,P,0.32500963488046475
414,F,Y,0.32493556317350575
428,N,V,0.32463856746587455
437,D,H,0.3214269931503334
372,R,Q,0.3185666139283116
406,S,E,0.3163490719796389
449,H,T,0.31379531757197127
347,T,C,0.31263423991025946
343,A,Y,0.30750440952798813
389,R,E,0.3072750052311525
350,Y,W,0.30533690103893485
428,N,L,0.30359407831876445
358,E,A,0.30281356034481527
427,V,L,0.30115745530938437
376,N,K,0.3002849116902253
349,P,T,0.2977602081411013
341,G,Q,0.2975004718827446
352,Q,I,0.29518362154533095
394,V,Q,0.29450707285712946
443,H,N,0.2942575205802868
347,T,N,0.2895426927165207
340,T,S,0.2864099156624132
376,N,T,0.27668494161555107
408,A,Q,0.27646782852385837
365,P,A,0.275231429211394
354,R,H,0.26776141923215513
434,A,K,0.26519798027159164
429,D,S,0.2645707576320703
421,K,T,0.26348652573441933
426,A,D,0.26277495623350966
338,G,N,0.2609619012115511
365,P,T,0.259952620840537
350,Y,V,0.2598828051016273
424,V,D,0.25794854565998554
437,D,F,0.25580496769188316
383,W,L,0.2546698957206355
427,V,C,0.2543113690650214
422,T,K,0.2536015884022333
418,K,M,0.25284315019760967
368,Q,K,0.252728464899723
412,A,S,0.25147216366637554
341,G,W,0.2503474833461062
369,E,S,0.24778562840461613
435,L,T,0.24775283819141647
384,K,L,0.24670023079037876
341,G,L,0.24302185838914162
449,H,Q,0.24271795548387906
420,W,F,0.2426407535191654
406,S,P,0.2406749353980294
442,H,G,0.23921884478467895
355,V,I,0.23711058772559854
394,V,I,0.23659936343775897
369,E,T,0.231083635716858
352,Q,N,0.22932980072231793
432,F,I,0.22468393871953452
378,V,T,0.22263912682989115
434,A,M,0.22239774397418025
417,E,Q,0.22094753268281228
438,R,M,0.2185424426753331
421,K,L,0.21748270397516692
389,R,M,0.21640082954906856
399,E,K,0.21585197718707036
380,S,A,0.2132787826879008
401,I,K,0.20989437285326806
436,V,L,0.20979167853277322
449,H,V,0.20813960118626765
394,V,C,0.2080847408087427
419,E,V,0.20794793590311622
424,V,N,0.20720194507538747
341,G,A,0.2066677374420964
357,K,R,0.20606358230647456
389,R,T,0.20592844273376296
441,E,D,0.20418818365421232
424,V,Y,0.20362379501131134
406,S,H,0.20031184921629122
406,S,Q,0.19854902763387786
377,I,L,0.19633678598132687
424,V,R,0.19603243826285963
425,E,N,0.19588246694289269
405,R,L,0.19438201845610661
433,W,C,0.194164492916555
380,S,R,0.1938560073223176
429,D,Q,0.19185671035565688
413,I,V,0.19127915163689999
447,E,K,0.1888312632465193
444,L,I,0.18725980161155784
380,S,I,0.1834631124172683
338,G,T,0.18091859146822034
444,L,C,0.1770698505266138
388,K,A,0.17497845860319336
406,S,M,0.17472636871467948
369,E,F,0.17462318362428883
380,S,G,0.1738272963579929
366,D,Q,0.1734805922266156
342,I,A,0.1733234520533616
445,R,Y,0.17299683118314005
365,P,G,0.17288817789732436
407,N,C,0.1724495365508404
376,N,H,0.1664804349995114
442,H,I,0.16639721376919106
365,P,Q,0.164978201175325
341,G,F,0.16266934806817485
431,R,P,0.16146472540897058
431,R,Y,0.16146472540897058
429,D,T,0.1613654897542169
374,V,E,0.16099998442953797
358,E,Q,0.16093437731233937
347,T,W,0.15999760450908612
419,E,P,0.15909436999476198
418,K,H,0.15876805192061955
395,C,W,0.1581486009641429
404,V,L,0.15720049631637079
441,E,Y,0.15580250859452524
439,E,A,0.15438444871027612
402,N,K,0.15176570358662989
441,E,K,0.149511265971947
373,Q,V,0.1456209671824468
398,E,F,0.14380647570880364
349,P,A,0.1428434771115171
442,H,D,0.1423177455942745
449,H,A,0.14041482755611648
354,R,I,0.14024628277011206
370,G,V,0.13948653143529854
441,E,C,0.1391955062721873
359,K,Q,0.13881987525086767
396,T,K,0.13567914152968336
398,E,Y,0.13502709530035284
391,R,H,0.13398084413619205
343,A,P,0.13081671683431753
431,R,I,0.12297132325275889
406,S,T,0.12282635532335928
444,L,N,0.12116546135971941
359,K,N,0.12066723228746694
367,P,H,0.12043826053991376
403,K,G,0.1203583431079041
433,W,L,0.1190308607973763
340,T,P,0.1187150929756277
375,M,Q,0.11801598424527605
430,P,G,0.11721380985408875
430,P,S,0.11600599799446099
450,S,I,0.11248456331707318
376,N,R,0.11242840604084185
350,Y,N,0.10712150052765583
444,L,S,0.10640945836732973
369,E,M,0.1055958583337598
394,V,T,0.10550194264918851
375,M,R,0.10264294707306615
424,V,C,0.1021786237305975
444,L,V,0.10101164378151722
398,E,D,0.10082974112587624
385,E,W,0.10031845417798364
419,E,L,0.09992458552564003
377,I,E,0.0996768126280342
341,G,E,0.09876272970585348
376,N,I,0.09776816981281679
366,D,T,0.0973497318561554
388,K,W,0.09548570780514638
384,K,Q,0.09444168214565558
338,G,F,0.09374874835909419
446,G,D,0.0929788724097555
338,G,K,0.09288154176151009
340,T,F,0.09181259408187716
340,T,E,0.09181259408187716
340,T,Y,0.09181259408187716
396,T,P,0.0914185354577348
449,H,G,0.0914134794645378
341,G,Y,0.09054694178278488
346,D,A,0.090080896612263
438,R,K,0.09006331274218621
352,Q,K,0.0891137362904197
413,I,G,0.08783735601544167
413,I,S,0.08783735601544163
349,P,R,0.08750274402025741
349,P,Y,0.08750274402025733
426,A,C,0.08748174332500581
409,A,R,0.08748018817915215
393,R,T,0.0874576905421502
410,L,T,0.08744390826172949
410,L,C,0.08744390826172949
412,A,R,0.0874383104605026
351,G,Q,0.08734943907605941
431,R,F,0.08733391829682131
441,E,S,0.08731782015970051
439,E,Y,0.08728728355062337
439,E,R,0.08728728355062337
350,Y,M,0.08728674359455213
354,R,Y,0.08715212667273002
354,R,F,0.08715212667272994
405,R,Q,0.08712284344038314
426,A,I,0.08711866724514102
363,R,A,0.08704603090426159
363,R,C,0.08704603090426159
363,R,V,0.08704603090426159
360,V,I,0.08704272304958034
345,T,G,0.08700508804077274
345,T,R,0.08700508804077274
416,E,R,0.08697719225501777
346,D,E,0.08695535275629589
440,R,H,0.08694206284078586
440,R,Y,0.08694206284078586
379,S,L,0.08692275865607119
353,Q,S,0.086913103810337
399,E,P,0.08689975114022092
393,R,S,0.08689440975983166
349,P,C,0.08688393439660784
370,G,N,0.08681318287803734
370,G,M,0.08681318287803734
417,E,L,0.08681072282695879
351,G,F,0.08675579837808706
367,P,N,0.08674678802743808
339,V,M,0.08666226339755534
439,E,P,0.08664887181127068
433,W,S,0.08653743369503138
435,L,W,0.08648271714486698
344,M,D,0.0863959179884194
397,K,H,0.08638911876119905
347,T,G,0.0863242081424929
443,H,G,0.08624760797994722
443,H,I,0.08624760797994722
443,H,T,0.08624760797994722
362,T,G,0.08624426611183979
429,D,I,0.08622869018897768
372,R,N,0.08620362064424757
400,F,H,0.08616667294773472
403,K,S,0.08610331410053916
357,K,M,0.08610298004136269
446,G,C,0.08609599768599063
407,N,A,0.08609520483128436
407,N,F,0.0860952048312843
364,V,R,0.08603661549109544
374,V,R,0.08589273754551281
358,E,S,0.08583508815377637
342,I,C,0.08580433635974881
342,I,P,0.08580433635974881
416,E,P,0.08572209820160454
342,I,G,0.0856453167754304
351,G,R,0.08547778368868951
414,F,A,0.08544715038585417
376,N,P,0.08513179416491114
356,F,G,0.08512764764627921
348,T,V,0.08384650961510694
425,E,H,0.08341775822955383
428,N,E,0.08314285123142609
377,I,G,0.08270578868576871
437,D,L,0.08226789771565524
353,Q,A,0.08168210057650528
341,G,H,0.07699961361700292
355,V,F,0.07643836293994473
373,Q,W,0.07543860185896799
438,R,D,0.07534677869197459
400,F,E,0.07469508706044353
402,N,M,0.07288313007712734
442,H,W,0.06881956796648514
384,K,V,0.06795131611265119
384,K,S,0.06725751559664872
388,K,F,0.06634611109445299
372,R,P,0.06400266000209665
435,L,M,0.06377294491458319
393,R,G,0.06344062892269862
363,R,T,0.06245042215873254
384,K,N,0.060617780053789504
449,H,N,0.05789631830594174
368,Q,N,0.0555135059711672
373,Q,F,0.05336723835249296
397,K,I,0.05176725312275745
428,N,G,0.0505059557565101
339,V,F,0.05048988200581669
424,V,I,0.04930245259261601
340,T,C,0.04869948304112476
434,A,I,0.048569235785898036
445,R,M,0.04818737530664368
434,A,T,0.04778690029483775
340,T,R,0.04736509494593812
432,F,V,0.04724329180667958
381,W,G,0.045671886338759765
434,A,G,0.045367342195690726
356,F,I,0.045301491917757654
428,N,C,0.04383703734765947
441,E,F,0.04117152229233412
434,A,Q,0.041041223789514227
364,V,C,0.040859668635847814
389,R,K,0.03933383867790647
405,R,S,0.03892872107186215
389,R,W,0.038565482044196985
338,G,D,0.03818224913970888
360,V,L,0.03719737243803178
343,A,Q,0.036626710222192264
428,N,T,0.03593342118708862
350,Y,R,0.034552224748065005
354,R,E,0.03441952266720697
418,K,T,0.034397629273408586
383,W,Q,0.03389961977000795
366,D,F,0.03389113459432156
427,V,S,0.03378398993380157
368,Q,E,0.03350049044309505
364,V,S,0.03325864816262237
366,D,R,0.03298189059516793
407,N,Q,0.03229914513982063
422,T,I,0.032163942693802246
388,K,S,0.03170534921819723
373,Q,D,0.030773701336451076
379,S,A,0.030771608034345917
380,S,E,0.030612112916162393
449,H,D,0.029407220959274838
419,E,C,0.0267249206396228
396,T,N,0.02550125102541172
379,S,C,0.024324870678073093
364,V,M,0.024276058501914832
389,R,Q,0.02363360630597954
409,A,P,0.023182346123245736
338,G,E,0.022824887430354757
431,R,K,0.02265940107309358
424,V,F,0.02211492964808755
412,A,P,0.021694052064717695
426,A,G,0.021026454016780494
366,D,E,0.02067173615935919
413,I,R,0.019464688364205025
445,R,S,0.0181511586255337
376,N,L,0.01797255021629651
376,N,V,0.01767818429892276
359,K,G,0.017587481505320718
423,A,P,0.017388263476170215
369,E,Y,0.01730927454384834
376,N,C,0.01688670732209698
380,S,W,0.015407031809323854
352,Q,P,0.015036432563437277
431,R,S,0.015023678982036751
345,T,V,0.014818339059713201
423,A,C,0.014793503344662479
385,E,I,0.012682985783061457
373,Q,A,0.012283683372784663
428,N,I,0.012219064554904865
400,F,P,0.012181113745798638
431,R,V,0.011229750323084708
400,F,I,0.011100080307287513
425,E,M,0.009991683593109035
434,A,L,0.009832209408985918
361,D,H,0.00924174546937201
377,I,S,0.008883750468173543
436,V,G,0.008570018229351134
373,Q,C,0.0056408458892504695
340,T,W,0.004134458803945747
340,T,K,0.004134458803945747
340,T,N,0.004134458803945747
340,T,H,0.004134458803945747
340,T,D,0.004134458803945747
340,T,Q,0.004134458803945747
340,T,G,0.004134458803945747
386,L,M,0.003907120882354352
341,G,K,0.002868806504853569
341,G,D,0.002868806504853569
419,E,G,0.0028525055590186373
434,A,S,0.0024970383238869334
405,R,K,0.0022071475136933674
373,Q,R,0.0014318169419760829
429,D,N,0.0011729526349912496
438,R,P,0.0007884137024074587
402,N,R,0.0006293040387323293
413,I,Q,0.0001592207375103695
413,I,N,0.0001592207375103695
413,I,H,0.0001592207375103695
413,I,F,0.0001592207375103695
413,I,D,0.0001592207375103695
413,I,Y,0.0001592207375103695
413,I,W,0.0001592207375103695
413,I,E,0.0001592207375103695
352,Q,C,-3.8166141585585805e-05
352,Q,W,-3.8166141585585805e-05
352,Q,D,-3.8166141585585805e-05
352,Q,A,-3.8166141585585805e-05
352,Q,Y,-3.8166141585585805e-05
352,Q,F,-3.8166141585585805e-05
352,Q,G,-3.8166141585585805e-05
352,Q,T,-3.8166141585585805e-05
352,Q,S,-3.8166141585585805e-05
370,G,Q,-5.3123615830006896e-05
370,G,H,-5.3123615830006896e-05
370,G,L,-5.3123615830006896e-05
370,G,K,-5.3123615830006896e-05
370,G,I,-5.3123615830006896e-05
370,G,T,-5.3123615830006896e-05
370,G,P,-5.3123615830006896e-05
370,G,Y,-5.3123615830006896e-05
370,G,F,-5.3123615830006896e-05
370,G,E,-5.3123615830006896e-05
370,G,W,-5.3123615830006896e-05
445,R,P,-8.776814190469206e-05
423,A,K,-0.0001343860588484283
423,A,F,-0.0001343860588484283
423,A,H,-0.0001343860588484283
423,A,E,-0.0001343860588484283
423,A,L,-0.0001343860588484283
423,A,M,-0.0001343860588484283
423,A,Q,-0.0001343860588484283
423,A,N,-0.0001343860588484283
423,A,R,-0.0001343860588484283
423,A,W,-0.0001343860588484283
423,A,Y,-0.0001343860588484283
423,A,I,-0.0001343860588484283
411,G,Q,-0.00016173164459179978
411,G,T,-0.00016173164459179978
411,G,S,-0.00016173164459179978
411,G,P,-0.00016173164459179978
411,G,N,-0.00016173164459179978
411,G,I,-0.00016173164459179978
411,G,W,-0.00016173164459179978
411,G,C,-0.00016173164459179978
411,G,D,-0.00016173164459179978
411,G,F,-0.00016173164459179978
411,G,Y,-0.00016173164459179978
411,G,L,-0.00016173164459179978
411,G,K,-0.00016173164459179978
411,G,H,-0.00016173164459179978
411,G,M,-0.00016173164459179978
367,P,F,-0.00017399095434418184
367,P,E,-0.00017399095434418184
367,P,Y,-0.00017399095434418184
367,P,W,-0.00017399095434418184
367,P,Q,-0.00017399095434418184
367,P,M,-0.00017399095434418184
367,P,K,-0.00017399095434418184
367,P,I,-0.00017399095434418184
367,P,G,-0.00017399095434418184
367,P,D,-0.00017399095434418184
349,P,H,-0.0001753912576739362
349,P,N,-0.0001753912576739362
349,P,I,-0.0001753912576739362
349,P,K,-0.0001753912576739362
349,P,V,-0.0001753912576739362
349,P,G,-0.0001753912576739362
349,P,E,-0.0001753912576739362
349,P,W,-0.0001753912576739362
349,P,D,-0.0001753912576739362
349,P,M,-0.0001753912576739362
349,P,F,-0.0001753912576739362
426,A,W,-0.00019639195292550256
426,A,R,-0.00019639195292550256
426,A,Q,-0.00019639195292550256
426,A,F,-0.00019639195292550256
426,A,Y,-0.00019639195292550256
426,A,P,-0.00019639195292550256
426,A,N,-0.00019639195292550256
426,A,M,-0.00019639195292550256
426,A,L,-0.00019639195292550256
426,A,K,-0.00019639195292550256
426,A,E,-0.00019639195292550256
426,A,H,-0.00019639195292550256
409,A,N,-0.00019794709877907234
409,A,E,-0.00019794709877907234
409,A,D,-0.00019794709877907234
409,A,F,-0.00019794709877907234
409,A,K,-0.00019794709877907234
409,A,H,-0.00019794709877907234
409,A,Y,-0.00019794709877907234
409,A,M,-0.00019794709877907234
409,A,L,-0.00019794709877907234
409,A,Q,-0.00019794709877907234
409,A,C,-0.00019794709877907234
409,A,W,-0.00019794709877907234
409,A,I,-0.00019794709877907234
393,R,N,-0.00022044473578101755
393,R,Y,-0.00022044473578101755
393,R,W,-0.00022044473578101755
393,R,V,-0.00022044473578101755
393,R,L,-0.00022044473578101755
393,R,M,-0.00022044473578101755
393,R,K,-0.00022044473578101755
393,R,I,-0.00022044473578101755
393,R,F,-0.00022044473578101755
393,R,E,-0.00022044473578101755
393,R,D,-0.00022044473578101755
393,R,A,-0.00022044473578101755
410,L,K,-0.00023422701620180066
410,L,F,-0.00023422701620180066
410,L,A,-0.00023422701620180066
410,L,G,-0.00023422701620180066
410,L,Y,-0.00023422701620180066
410,L,H,-0.00023422701620180066
410,L,N,-0.00023422701620180066
410,L,D,-0.00023422701620180066
410,L,S,-0.00023422701620180066
410,L,E,-0.00023422701620180066
410,L,W,-0.00023422701620180066
412,A,W,-0.00023982481742869125
412,A,F,-0.00023982481742869125
412,A,Y,-0.00023982481742869125
412,A,H,-0.00023982481742869125
412,A,C,-0.00023982481742869125
412,A,N,-0.00023982481742869125
412,A,M,-0.00023982481742869125
412,A,L,-0.00023982481742869125
412,A,K,-0.00023982481742869125
412,A,I,-0.00023982481742869125
412,A,D,-0.00023982481742869125
412,A,Q,-0.00023982481742869125
351,G,E,-0.0003286962018719046
351,G,I,-0.0003286962018719046
351,G,H,-0.0003286962018719046
351,G,K,-0.0003286962018719046
351,G,L,-0.0003286962018719046
351,G,M,-0.0003286962018719046
351,G,N,-0.0003286962018719046
351,G,P,-0.0003286962018719046
351,G,T,-0.0003286962018719046
351,G,W,-0.0003286962018719046
351,G,Y,-0.0003286962018719046
439,E,M,-0.000390851727307902
439,E,L,-0.000390851727307902
439,E,I,-0.000390851727307902
439,E,C,-0.000390851727307902
439,E,F,-0.000390851727307902
439,E,H,-0.000390851727307902
439,E,W,-0.000390851727307902
439,E,N,-0.000390851727307902
439,E,T,-0.000390851727307902
439,E,S,-0.000390851727307902
350,Y,E,-0.0003913916833791135
350,Y,K,-0.0003913916833791135
350,Y,G,-0.0003913916833791135
350,Y,T,-0.0003913916833791135
350,Y,A,-0.0003913916833791135
350,Y,I,-0.0003913916833791135
350,Y,P,-0.0003913916833791135
350,Y,Q,-0.0003913916833791135
435,L,E,-0.00044208106621537686
435,L,Y,-0.00044208106621537686
435,L,D,-0.00044208106621537686
435,L,K,-0.00044208106621537686
435,L,A,-0.00044208106621537686
435,L,S,-0.00044208106621537686
435,L,N,-0.00044208106621537686
435,L,F,-0.00044208106621537686
435,L,G,-0.00044208106621537686
435,L,H,-0.00044208106621537686
429,D,F,-0.0004434526358636722
429,D,M,-0.0004434526358636722
429,D,W,-0.0004434526358636722
429,D,P,-0.0004434526358636722
429,D,R,-0.0004434526358636722
429,D,K,-0.0004434526358636722
433,W,A,-0.0004458550779621111
433,W,D,-0.0004458550779621111
433,W,Q,-0.0004458550779621111
433,W,K,-0.0004458550779621111
433,W,I,-0.0004458550779621111
433,W,T,-0.0004458550779621111
433,W,F,-0.0004458550779621111
433,W,V,-0.0004458550779621111
433,W,E,-0.0004458550779621111
433,W,Y,-0.0004458550779621111
433,W,P,-0.0004458550779621111
433,W,N,-0.0004458550779621111
433,W,H,-0.0004458550779621111
433,W,M,-0.0004458550779621111
392,P,D,-0.0004508696245801736
392,P,G,-0.0004508696245801736
392,P,H,-0.0004508696245801736
392,P,V,-0.0004508696245801736
392,P,I,-0.0004508696245801736
392,P,C,-0.0004508696245801736
392,P,K,-0.0004508696245801736
392,P,F,-0.0004508696245801736
392,P,M,-0.0004508696245801736
392,P,N,-0.0004508696245801736
392,P,W,-0.0004508696245801736
392,P,Y,-0.0004508696245801736
365,P,W,-0.00046277741545598666
365,P,D,-0.00046277741545598666
365,P,M,-0.00046277741545598666
365,P,E,-0.00046277741545598666
365,P,F,-0.00046277741545598666
365,P,H,-0.00046277741545598666
365,P,Y,-0.00046277741545598666
387,G,C,-0.0004730805625968613
387,G,I,-0.0004730805625968613
387,G,H,-0.0004730805625968613
387,G,F,-0.0004730805625968613
387,G,D,-0.0004730805625968613
387,G,M,-0.0004730805625968613
387,G,N,-0.0004730805625968613
387,G,P,-0.0004730805625968613
387,G,K,-0.0004730805625968613
387,G,T,-0.0004730805625968613
387,G,Y,-0.0004730805625968613
443,H,E,-0.0004802099880800101
443,H,K,-0.0004802099880800101
443,H,S,-0.0004802099880800101
443,H,M,-0.0004802099880800101
443,H,W,-0.0004802099880800101
443,H,A,-0.0004802099880800101
443,H,F,-0.0004802099880800101
443,H,V,-0.0004802099880800101
368,Q,Y,-0.0004961528979670569
368,Q,W,-0.0004961528979670569
368,Q,T,-0.0004961528979670569
368,Q,I,-0.0004961528979670569
368,Q,V,-0.0004961528979670569
368,Q,F,-0.0004961528979670569
343,A,I,-0.0005020543426404679
343,A,K,-0.0005020543426404679
343,A,E,-0.0005020543426404679
343,A,W,-0.0005020543426404679
343,A,D,-0.0005020543426404679
343,A,M,-0.0005020543426404679
343,A,R,-0.0005020543426404679
373,Q,E,-0.0005088999188188245
408,A,L,-0.0005103285053113244
408,A,Y,-0.0005103285053113244
408,A,C,-0.0005103285053113244
408,A,D,-0.0005103285053113244
408,A,E,-0.0005103285053113244
408,A,F,-0.0005103285053113244
408,A,I,-0.0005103285053113244
408,A,K,-0.0005103285053113244
408,A,H,-0.0005103285053113244
408,A,N,-0.0005103285053113244
408,A,R,-0.0005103285053113244
408,A,W,-0.0005103285053113244
354,R,P,-0.0005260086052013704
354,R,C,-0.0005260086052013704
354,R,D,-0.0005260086052013704
405,R,T,-0.0005552918375481191
405,R,E,-0.0005552918375481191
405,R,D,-0.0005552918375481191
405,R,A,-0.0005552918375481191
405,R,I,-0.0005552918375481191
405,R,M,-0.0005552918375481191
405,R,F,-0.0005552918375481191
405,R,Y,-0.0005552918375481191
405,R,N,-0.0005552918375481191
405,R,W,-0.0005552918375481191
405,R,V,-0.0005552918375481191
357,K,L,-0.0005595084633364446
357,K,A,-0.0005595084633364446
357,K,V,-0.0005595084633364446
357,K,W,-0.0005595084633364446
357,K,C,-0.0005595084633364446
357,K,S,-0.0005595084633364446
357,K,F,-0.0005595084633364446
357,K,P,-0.0005595084633364446
357,K,H,-0.0005595084633364446
357,K,Y,-0.0005595084633364446
427,V,Y,-0.0005826336957854837
427,V,K,-0.0005826336957854837
427,V,F,-0.0005826336957854837
427,V,R,-0.0005826336957854837
427,V,Q,-0.0005826336957854837
427,V,P,-0.0005826336957854837
427,V,N,-0.0005826336957854837
427,V,H,-0.0005826336957854837
427,V,W,-0.0005826336957854837
427,V,D,-0.0005826336957854837
446,G,P,-0.0006053602882448486
446,G,W,-0.0006053602882448486
446,G,T,-0.0006053602882448486
446,G,I,-0.0006053602882448486
436,V,D,-0.0006106152351904441
436,V,N,-0.0006106152351904441
436,V,H,-0.0006106152351904441
436,V,P,-0.0006106152351904441
436,V,Q,-0.0006106152351904441
436,V,K,-0.0006106152351904441
436,V,F,-0.0006106152351904441
436,V,R,-0.0006106152351904441
436,V,W,-0.0006106152351904441
436,V,Y,-0.0006106152351904441
382,L,I,-0.0006271208834238643
382,L,H,-0.0006271208834238643
382,L,G,-0.0006271208834238643
382,L,E,-0.0006271208834238643
382,L,D,-0.0006271208834238643
382,L,W,-0.0006271208834238643
382,L,N,-0.0006271208834238643
382,L,K,-0.0006271208834238643
421,K,W,-0.0006271886182047988
406,S,Y,-0.0006299018411831878
406,S,W,-0.0006299018411831878
363,R,F,-0.0006321043736696422
363,R,H,-0.0006321043736696422
363,R,D,-0.0006321043736696422
363,R,I,-0.0006321043736696422
363,R,L,-0.0006321043736696422
363,R,N,-0.0006321043736696422
363,R,P,-0.0006321043736696422
363,R,Q,-0.0006321043736696422
363,R,Y,-0.0006321043736696422
363,R,E,-0.0006321043736696422
360,V,Y,-0.0006354122283508788
360,V,W,-0.0006354122283508788
360,V,N,-0.0006354122283508788
360,V,P,-0.0006354122283508788
360,V,D,-0.0006354122283508788
360,V,F,-0.0006354122283508788
360,V,C,-0.0006354122283508788
360,V,H,-0.0006354122283508788
360,V,K,-0.0006354122283508788
360,V,Q,-0.0006354122283508788
360,V,S,-0.0006354122283508788
360,V,T,-0.0006354122283508788
360,V,R,-0.0006354122283508788
383,W,M,-0.0006553180928522909
383,W,A,-0.0006553180928522909
383,W,V,-0.0006553180928522909
383,W,T,-0.0006553180928522909
383,W,P,-0.0006553180928522909
383,W,N,-0.0006553180928522909
383,W,Y,-0.0006553180928522909
383,W,I,-0.0006553180928522909
383,W,H,-0.0006553180928522909
383,W,F,-0.0006553180928522909
383,W,E,-0.0006553180928522909
383,W,K,-0.0006553180928522909
383,W,D,-0.0006553180928522909
345,T,Q,-0.0006730472371585137
345,T,K,-0.0006730472371585137
345,T,E,-0.0006730472371585137
345,T,Y,-0.0006730472371585137
345,T,M,-0.0006730472371585137
345,T,F,-0.0006730472371585137
345,T,H,-0.0006730472371585137
345,T,W,-0.0006730472371585137
345,T,N,-0.0006730472371585137
345,T,L,-0.0006730472371585137
345,T,D,-0.0006730472371585137
345,T,C,-0.0006730472371585137
372,R,E,-0.0006879220486373582
372,R,F,-0.0006879220486373582
372,R,D,-0.0006879220486373582
372,R,Y,-0.0006879220486373582
372,R,W,-0.0006879220486373582
416,E,W,-0.000700943022913548
416,E,M,-0.000700943022913548
416,E,N,-0.000700943022913548
416,E,Y,-0.000700943022913548
416,E,L,-0.000700943022913548
416,E,S,-0.000700943022913548
416,E,T,-0.000700943022913548
416,E,C,-0.000700943022913548
416,E,I,-0.000700943022913548
416,E,H,-0.000700943022913548
416,E,F,-0.000700943022913548
386,L,W,-0.0007020303264301379
386,L,N,-0.0007020303264301379
386,L,K,-0.0007020303264301379
386,L,H,-0.0007020303264301379
386,L,G,-0.0007020303264301379
386,L,E,-0.0007020303264301379
386,L,D,-0.0007020303264301379
386,L,C,-0.0007020303264301379
386,L,A,-0.0007020303264301379
404,V,Y,-0.0007062730269156559
404,V,W,-0.0007062730269156559
404,V,K,-0.0007062730269156559
404,V,D,-0.0007062730269156559
404,V,S,-0.0007062730269156559
404,V,F,-0.0007062730269156559
404,V,R,-0.0007062730269156559
404,V,H,-0.0007062730269156559
404,V,Q,-0.0007062730269156559
404,V,P,-0.0007062730269156559
404,V,N,-0.0007062730269156559
348,T,F,-0.0007116737755975938
348,T,H,-0.0007116737755975938
348,T,E,-0.0007116737755975938
348,T,W,-0.0007116737755975938
348,T,Y,-0.0007116737755975938
348,T,C,-0.0007116737755975938
348,T,L,-0.0007116737755975938
348,T,D,-0.0007116737755975938
348,T,G,-0.0007116737755975938
348,T,Q,-0.0007116737755975938
348,T,M,-0.0007116737755975938
348,T,N,-0.0007116737755975938
347,T,Y,-0.0007142821303245031
347,T,H,-0.0007142821303245031
347,T,K,-0.0007142821303245031
347,T,L,-0.0007142821303245031
347,T,Q,-0.0007142821303245031
347,T,R,-0.0007142821303245031
347,T,E,-0.0007142821303245031
347,T,F,-0.0007142821303245031
347,T,D,-0.0007142821303245031
347,T,V,-0.0007142821303245395
394,V,W,-0.0007218772396020251
394,V,S,-0.0007218772396020251
394,V,N,-0.0007218772396020251
394,V,H,-0.0007218772396020251
362,T,W,-0.0007258718151268226
362,T,Y,-0.0007258718151268226
362,T,L,-0.0007258718151268226
362,T,M,-0.0007258718151268226
362,T,F,-0.0007258718151268226
362,T,E,-0.0007258718151268226
362,T,D,-0.0007258718151268226
362,T,Q,-0.0007258718151268226
362,T,K,-0.0007258718151268226
362,T,R,-0.0007258718151268226
362,T,C,-0.0007258718151268226
362,T,H,-0.0007258718151268226
440,R,W,-0.0007360724371454075
440,R,A,-0.0007360724371454208
440,R,C,-0.0007360724371454208
440,R,E,-0.0007360724371454208
440,R,D,-0.0007360724371454208
440,R,M,-0.0007360724371454208
440,R,F,-0.0007360724371454208
440,R,L,-0.0007360724371454208
440,R,V,-0.0007360724371454208
440,R,Q,-0.0007360724371454208
440,R,P,-0.0007360724371454208
440,R,N,-0.0007360724371454208
346,D,F,-0.0007435858504859985
346,D,M,-0.0007435858504859985
346,D,P,-0.0007435858504859985
346,D,Q,-0.0007435858504859985
346,D,R,-0.0007435858504859985
346,D,S,-0.0007435858504859985
346,D,K,-0.0007435858504859985
346,D,I,-0.0007435858504859985
346,D,T,-0.0007435858504859985
346,D,L,-0.0007435858504859985
346,D,W,-0.0007435858504859985
346,D,C,-0.0007435858504859985
379,S,K,-0.00075537662186013
379,S,H,-0.00075537662186013
379,S,N,-0.00075537662186013
379,S,W,-0.00075537662186013
379,S,D,-0.00075537662186013
379,S,V,-0.00075537662186013
379,S,M,-0.00075537662186013
379,S,I,-0.00075537662186013
379,S,E,-0.00075537662186013
379,S,R,-0.00075537662186013
379,S,Q,-0.00075537662186013
355,V,R,-0.0007569073379673492
355,V,M,-0.0007569073379673492
355,V,K,-0.0007569073379673492
355,V,H,-0.0007569073379673492
355,V,Y,-0.0007569073379673492
355,V,E,-0.0007569073379673492
355,V,Q,-0.0007569073379673492
355,V,C,-0.0007569073379673492
355,V,N,-0.0007569073379673492
355,V,P,-0.0007569073379673492
355,V,W,-0.0007569073379673492
353,Q,E,-0.0007650314675942312
353,Q,V,-0.0007650314675943106
353,Q,M,-0.0007650314675943106
353,Q,G,-0.0007650314675943106
353,Q,N,-0.0007650314675943106
353,Q,I,-0.0007650314675943106
353,Q,W,-0.0007650314675943106
353,Q,Y,-0.0007650314675943106
353,Q,T,-0.0007650314675943106
353,Q,D,-0.0007650314675943106
353,Q,C,-0.0007650314675943106
353,Q,F,-0.0007650314675943106
399,E,H,-0.0007783841377103579
399,E,F,-0.0007783841377103579
399,E,C,-0.0007783841377103579
399,E,N,-0.0007783841377103579
399,E,I,-0.0007783841377103579
399,E,Y,-0.0007783841377103579
399,E,W,-0.0007783841377103579
364,V,H,-0.000791972440692445
364,V,Y,-0.000791972440692445
364,V,W,-0.000791972440692445
364,V,P,-0.000791972440692445
364,V,N,-0.000791972440692445
364,V,K,-0.000791972440692445
364,V,Q,-0.000791972440692445
364,V,D,-0.000791972440692445
364,V,F,-0.000791972440692445
371,T,L,-0.0008000524694082319
371,T,Q,-0.0008000524694082319
371,T,F,-0.0008000524694082319
371,T,D,-0.0008000524694082319
371,T,H,-0.0008000524694082319
371,T,G,-0.0008000524694082319
371,T,Y,-0.0008000524694082319
371,T,E,-0.0008000524694082319
371,T,V,-0.0008000524694082319
371,T,R,-0.0008000524694082319
371,T,W,-0.0008000524694082319
371,T,M,-0.0008000524694082319
374,V,P,-0.0008089579605425945
374,V,K,-0.0008089579605425945
374,V,D,-0.0008089579605425945
374,V,W,-0.0008089579605425945
374,V,F,-0.0008089579605425945
374,V,H,-0.0008089579605425945
374,V,Q,-0.0008089579605425945
374,V,Y,-0.0008089579605425945
374,V,N,-0.0008089579605425945
374,V,M,-0.0008089579605425945
361,D,W,-0.0008154715950621448
361,D,T,-0.0008154715950621448
361,D,R,-0.0008154715950621448
361,D,C,-0.0008154715950621448
361,D,M,-0.0008154715950621448
361,D,F,-0.0008154715950621448
361,D,Q,-0.0008154715950621448
361,D,P,-0.0008154715950621448
361,D,I,-0.0008154715950621448
361,D,K,-0.0008154715950621448
361,D,L,-0.0008154715950621448
395,C,K,-0.0008400789912425067
395,C,N,-0.0008400789912425067
395,C,P,-0.0008400789912425067
395,C,E,-0.0008400789912425067
395,C,Q,-0.0008400789912425067
395,C,T,-0.0008400789912425067
395,C,V,-0.0008400789912425067
395,C,D,-0.0008400789912425067
395,C,A,-0.0008400789912425067
381,W,V,-0.0008594061847904394
381,W,T,-0.0008594061847904394
381,W,Q,-0.0008594061847904394
381,W,P,-0.0008594061847904394
381,W,N,-0.0008594061847904394
381,W,M,-0.0008594061847904394
381,W,K,-0.0008594061847904394
381,W,I,-0.0008594061847904394
381,W,E,-0.0008594061847904394
381,W,D,-0.0008594061847904394
381,W,A,-0.0008594061847904394
381,W,H,-0.0008594061847904394
417,E,Y,-0.0008674124509725581
417,E,H,-0.0008674124509725581
417,E,F,-0.0008674124509725581
417,E,T,-0.0008674124509725581
417,E,I,-0.0008674124509725581
417,E,M,-0.0008674124509725581
417,E,C,-0.0008674124509725581
417,E,N,-0.0008674124509725581
417,E,P,-0.0008674124509725581
417,E,W,-0.0008674124509725581
417,E,R,-0.0008674124509725581
417,E,S,-0.0008674124509725581
448,C,D,-0.0008688849254865376
448,C,V,-0.0008688849254865376
448,C,A,-0.0008688849254865376
448,C,T,-0.0008688849254865376
448,C,L,-0.0008688849254865376
448,C,Q,-0.0008688849254865376
448,C,K,-0.0008688849254865376
448,C,P,-0.0008688849254865376
448,C,N,-0.0008688849254865376
448,C,H,-0.0008688849254865376
448,C,E,-0.0008688849254865376
448,C,I,-0.0008688849254865376
448,C,M,-0.0008688849254865376
425,E,P,-0.0008713486144479415
425,E,Y,-0.0008713486144479415
425,E,W,-0.0008713486144479415
425,E,F,-0.0008713486144479415
425,E,I,-0.0008713486144479415
358,E,R,-0.0008745650777411367
358,E,N,-0.0008745650777411367
358,E,P,-0.0008745650777411367
358,E,F,-0.0008745650777411367
358,E,C,-0.0008745650777411367
358,E,H,-0.0008745650777411367
358,E,Y,-0.0008745650777411367
358,E,W,-0.0008745650777411367
422,T,V,-0.0008852005449226499
422,T,W,-0.0008852005449226499
422,T,Y,-0.0008852005449226499
422,T,Q,-0.0008852005449226499
422,T,E,-0.0008852005449226499
422,T,L,-0.0008852005449226499
422,T,H,-0.0008852005449226499
422,T,F,-0.0008852005449226499
420,W,Q,-0.0009539407582512026
420,W,D,-0.0009539407582512026
420,W,N,-0.0009539407582512026
420,W,H,-0.0009539407582512026
420,W,I,-0.0009539407582512026
420,W,K,-0.0009539407582512026
420,W,A,-0.0009539407582512026
420,W,M,-0.0009539407582512026
420,W,E,-0.0009539407582512026
420,W,T,-0.0009539407582512026
420,W,P,-0.0009539407582512026
420,W,V,-0.0009539407582512026
366,D,M,-0.0009664343300934216
366,D,W,-0.0009664343300934216
391,R,F,-0.000970570072909265
339,V,T,-0.00101587188037597
339,V,S,-0.00101587188037597
339,V,H,-0.00101587188037597
339,V,K,-0.00101587188037597
339,V,N,-0.00101587188037597
339,V,Q,-0.00101587188037597
339,V,P,-0.00101587188037597
339,V,R,-0.00101587188037597
339,V,Y,-0.00101587188037597
339,V,W,-0.00101587188037597
339,V,E,-0.00101587188037597
396,T,H,-0.0010613437344872024
396,T,F,-0.0010613437344872024
396,T,E,-0.0010613437344872024
396,T,C,-0.0010613437344872024
396,T,W,-0.0010613437344872024
396,T,Y,-0.0010613437344872024
396,T,M,-0.0010613437344872024
432,F,G,-0.0010922739572914479
432,F,E,-0.0010922739572914479
432,F,D,-0.0010922739572914479
432,F,W,-0.0010922739572914479
432,F,H,-0.0010922739572914479
432,F,K,-0.0010922739572914479
432,F,R,-0.0010922739572914479
432,F,A,-0.0010922739572914479
432,F,T,-0.0010922739572914479
432,F,M,-0.0010922739572914479
432,F,N,-0.0010922739572914479
432,F,Q,-0.0010922739572914479
350,Y,F,-0.0012675386256489434
344,M,P,-0.0012822172895118123
344,M,N,-0.0012822172895118123
344,M,F,-0.0012822172895118123
344,M,Y,-0.0012822172895118123
344,M,C,-0.0012822172895118123
344,M,H,-0.0012822172895118123
344,M,Q,-0.0012822172895118123
344,M,W,-0.0012822172895118123
344,M,E,-0.0012822172895118123
344,M,S,-0.0012822172895118123
344,M,G,-0.0012822172895118123
397,K,W,-0.001289016516732235
397,K,Y,-0.001289016516732235
397,K,F,-0.001289016516732235
397,K,D,-0.001289016516732235
397,K,C,-0.001289016516732235
385,E,P,-0.001304921232064304
414,F,G,-0.0013233458591235248
414,F,M,-0.0013233458591235248
414,F,H,-0.0013233458591235248
414,F,E,-0.0013233458591235248
414,F,R,-0.0013233458591235248
414,F,D,-0.0013233458591235248
414,F,Q,-0.0013233458591235248
414,F,N,-0.0013233458591235248
414,F,K,-0.0013233458591235248
414,F,T,-0.0013233458591235248
414,F,W,-0.0013233458591235248
444,L,D,-0.0013572033194192235
375,M,Y,-0.0014489403829213517
375,M,W,-0.0014489403829213517
375,M,F,-0.0014489403829213517
375,M,P,-0.0014489403829213517
375,M,N,-0.0014489403829213517
375,M,H,-0.0014489403829213517
375,M,E,-0.0014489403829213517
400,F,T,-0.0015114623301966193
400,F,R,-0.0015114623301966193
400,F,N,-0.0015114623301966193
400,F,M,-0.0015114623301966193
400,F,K,-0.0015114623301966193
400,F,G,-0.0015114623301966193
400,F,D,-0.0015114623301966193
400,F,A,-0.0015114623301966193
349,P,Q,-0.0015412120783782127
359,K,M,-0.0015567489745215025
359,K,W,-0.0015567489745215025
359,K,V,-0.0015567489745215025
359,K,S,-0.0015567489745215025
359,K,P,-0.0015567489745215025
359,K,F,-0.0015567489745215025
359,K,L,-0.0015567489745215025
359,K,H,-0.0015567489745215025
359,K,D,-0.0015567489745215025
359,K,C,-0.0015567489745215025
359,K,A,-0.0015567489745215025
359,K,Y,-0.0015567489745215025
378,V,W,-0.0015726466924250546
378,V,E,-0.0015726466924250546
378,V,M,-0.0015726466924250546
378,V,Y,-0.0015726466924250546
378,V,R,-0.0015726466924250546
378,V,H,-0.0015726466924250546
378,V,P,-0.0015726466924250546
378,V,N,-0.0015726466924250546
378,V,K,-0.0015726466924250546
403,K,Y,-0.0015748211773921222
403,K,W,-0.0015748211773921222
403,K,V,-0.0015748211773921222
403,K,P,-0.0015748211773921222
403,K,L,-0.0015748211773921222
403,K,I,-0.0015748211773921222
403,K,H,-0.0015748211773921222
403,K,F,-0.0015748211773921222
403,K,D,-0.0015748211773921222
403,K,C,-0.0015748211773921222
403,K,A,-0.0015748211773921222
407,N,R,-0.001582930446646885
407,N,L,-0.001582930446646885
407,N,M,-0.001582930446646885
407,N,E,-0.001582930446646885
407,N,P,-0.001582930446646885
407,N,V,-0.001582930446646885
407,N,W,-0.001582930446646885
418,K,C,-0.0015981513755830012
418,K,A,-0.0015981513755830203
418,K,V,-0.0015981513755830203
418,K,S,-0.0015981513755830203
418,K,W,-0.0015981513755830203
418,K,D,-0.0015981513755830203
418,K,F,-0.0015981513755830203
418,K,P,-0.0015981513755830203
418,K,Y,-0.0015981513755830203
418,K,L,-0.0015981513755830203
356,F,H,-0.0016030232375778544
356,F,M,-0.0016030232375778544
356,F,N,-0.0016030232375778544
356,F,E,-0.0016030232375778544
356,F,D,-0.0016030232375778544
356,F,P,-0.0016030232375778544
356,F,K,-0.0016030232375778544
356,F,R,-0.0016030232375778544
356,F,A,-0.0016030232375778544
356,F,T,-0.0016030232375778544
356,F,Q,-0.0016030232375778544
356,F,W,-0.0016030232375778544
449,H,E,-0.0016463608041220714
390,K,F,-0.0016650087526371418
390,K,I,-0.0016650087526371418
390,K,P,-0.0016650087526371418
390,K,C,-0.0016650087526371418
390,K,Y,-0.0016650087526371418
390,K,S,-0.0016650087526371418
390,K,W,-0.0016650087526371418
390,K,V,-0.0016650087526371418
390,K,D,-0.0016650087526371418
450,S,Q,-0.0017604219221471348
450,S,L,-0.0017604219221471348
450,S,V,-0.0017604219221471348
450,S,M,-0.0017604219221471348
450,S,P,-0.0017604219221471348
450,S,W,-0.0017604219221471348
450,S,E,-0.0017604219221471348
450,S,F,-0.0017604219221471348
450,S,H,-0.0017604219221471348
450,S,K,-0.0017604219221471348
450,S,Y,-0.0017604219221471348
415,E,M,-0.0017804853892588396
415,E,F,-0.0017804853892588396
415,E,W,-0.0017804853892588396
415,E,C,-0.0017804853892588396
415,E,Y,-0.0017804853892588396
342,I,E,-0.001873798918182416
342,I,Q,-0.001873798918182416
342,I,N,-0.001873798918182416
342,I,D,-0.001873798918182416
342,I,S,-0.001873798918182416
402,N,P,-0.0018926856159556414
398,E,C,-0.0019803585855677564
437,D,P,-0.0020977066621023495
447,E,P,-0.002155906338549374
429,D,H,-0.0021599472915931153
384,K,P,-0.002184647415295562
401,I,H,-0.00231231027773708
401,I,P,-0.00231231027773708
401,I,G,-0.00231231027773708
401,I,E,-0.00231231027773708
401,I,D,-0.00231231027773708
401,I,W,-0.00231231027773708
383,W,S,-0.0024255924523724276
388,K,P,-0.002483367505316901
428,N,P,-0.0025930120484858672
377,I,P,-0.00261597924854798
377,I,D,-0.00261597924854798
414,F,C,-0.002840497835108221
369,E,D,-0.0031381162990476628
382,L,S,-0.004240895222332265
397,K,M,-0.004580996071918886
372,R,K,-0.004914985398209892
389,R,H,-0.005127498160493756
389,R,V,-0.0058501086531031294
346,D,H,-0.008960649375872964
439,E,Q,-0.009492115911370946
408,A,P,-0.011958066566620676
398,E,W,-0.012850002342844854
366,D,K,-0.013697670626864509
384,K,T,-0.01583600426716804
421,K,C,-0.01632770883204197
362,T,S,-0.017027803449958356
421,K,I,-0.017798731261399765
441,E,T,-0.019098487791701087
415,E,H,-0.019230222384679363
384,K,A,-0.020494783693209895
348,T,R,-0.022071106932840086
424,V,T,-0.02215136955943527
380,S,V,-0.02250457728506187
437,D,W,-0.02296226525978105
441,E,H,-0.023280061518000144
440,R,I,-0.024316668526898733
348,T,K,-0.026462637946286033
402,N,C,-0.026631882832526082
359,K,T,-0.027788781045519073
348,T,P,-0.02819945322636101
339,V,C,-0.031216727818164633
430,P,Y,-0.03148430951028281
434,A,V,-0.03181818485756563
361,D,E,-0.03210627028190252
402,N,W,-0.03227177511163748
338,G,V,-0.03392489646455001
338,G,S,-0.03415472802499468
444,L,E,-0.037461197120656035
368,Q,M,-0.039144635006983584
447,E,R,-0.03951661518340956
432,F,P,-0.039937383564976024
338,G,I,-0.0424923725186551
355,V,L,-0.04266056016307285
436,V,I,-0.04483333904618164
352,Q,E,-0.046107337371484904
418,K,N,-0.04674344484527321
380,S,K,-0.047974128942911566
373,Q,H,-0.04874997766836505
399,E,S,-0.04878210644198372
399,E,T,-0.04878210644198372
391,R,S,-0.05006736051739417
406,S,L,-0.05014333957416072
385,E,S,-0.05159234665442225
422,T,S,-0.05160911949262655
344,M,A,-0.052048785381908096
413,I,P,-0.0524777529142002
367,P,V,-0.05298921605273135
408,A,G,-0.0530608496617214
400,F,Q,-0.05312136548773147
402,N,E,-0.053189035393530204
443,H,C,-0.05329168252662
365,P,V,-0.05330224754450291
436,V,S,-0.0533536115462005
357,K,D,-0.053359118625936175
347,T,M,-0.05337219664860546
394,V,Y,-0.05345198502516047
395,C,I,-0.05347306548090199
386,L,T,-0.053574200106072244
425,E,R,-0.05360461072511915
370,G,R,-0.05369963545950548
397,K,L,-0.053979145920971035
397,K,G,-0.053979145920971035
342,I,H,-0.05405668921041051
449,H,K,-0.05439822965407306
416,E,Q,-0.05439926981549322
415,E,I,-0.05444652592028231
441,E,P,-0.05505990829290944
389,R,P,-0.055420209710296243
425,E,C,-0.05550089921051193
396,T,R,-0.05607756442653955
421,K,Y,-0.057638280805143605
381,W,L,-0.057854427809982824
380,S,N,-0.05978974203627533
415,E,T,-0.06274870131188871
369,E,P,-0.06341151754114092
350,Y,D,-0.0635715162412702
385,E,Y,-0.06372600160852625
378,V,F,-0.0638396949187013
446,G,V,-0.06399160355809926
365,P,N,-0.06402304104362257
438,R,Y,-0.06447906774138408
354,R,T,-0.06501853529318054
430,P,A,-0.06567894393093655
449,H,Y,-0.06708981827717947
385,E,V,-0.06896347395239856
380,S,C,-0.07024103245974238
371,T,N,-0.07122938704291283
379,S,F,-0.07280079878292704
425,E,A,-0.07288272335278094
360,V,E,-0.07315022182770896
423,A,G,-0.07475971192202473
431,R,D,-0.0748046014409844
431,R,H,-0.07593481224174507
445,R,W,-0.07617245669476504
429,D,L,-0.07633426201685566
387,G,L,-0.07645877927501585
387,G,Q,-0.07645877927501585
430,P,H,-0.07654782901123551
368,Q,D,-0.07657423777410158
365,P,K,-0.0765988997706876
362,T,V,-0.07676868830840321
371,T,K,-0.0769036515514329
381,W,S,-0.07714376302935545
396,T,Q,-0.07715832308619207
375,M,D,-0.0774107912995257
338,G,Y,-0.07789625689140318
370,G,A,-0.08236102558037674
393,R,P,-0.08314748918054123
384,K,H,-0.08376464645518629
444,L,F,-0.08471408949242638
341,G,P,-0.08480932877307762
399,E,L,-0.08537524199326345
394,V,P,-0.08682665528020439
438,R,E,-0.08688972157552381
393,R,Q,-0.08789858001371233
392,P,E,-0.0881290049025114
372,R,G,-0.08836605732656862
386,L,S,-0.08838016560436142
355,V,T,-0.08843504261589862
355,V,S,-0.08843504261589862
361,D,S,-0.0884936068729934
395,C,H,-0.08851821426917379
366,D,I,-0.0886445696080247
396,T,D,-0.08873947901241848
414,F,P,-0.08900148113705485
378,V,Q,-0.08925078197035635
385,E,N,-0.08945527063598287
415,E,L,-0.08945862066719018
437,D,I,-0.08977584194003362
431,R,T,-0.09001831677039494
448,C,F,-0.09450231516615971
437,D,K,-0.09479244825087278
430,P,T,-0.09724619923902199
357,K,G,-0.09726501823222544
357,K,I,-0.10011568430362172
422,T,C,-0.10054094768226589
392,P,Q,-0.10065106386211568
365,P,I,-0.10090639379114497
407,N,G,-0.10136113115725263
435,L,C,-0.10338881913519764
358,E,D,-0.10608149105654639
438,R,G,-0.1094711428457374
421,K,A,-0.11068052849770495
375,M,A,-0.11157661236978754
406,S,C,-0.11176085723766116
402,N,F,-0.11183122091693488
416,E,V,-0.11294779130752142
434,A,R,-0.11313411565186782
427,V,M,-0.11446981947687697
392,P,R,-0.11627743312627536
342,I,Y,-0.11857662761135675
429,D,V,-0.11926175175947941
394,V,F,-0.12009053326209766
406,S,F,-0.12341485695510596
389,R,I,-0.12367351717248147
351,G,A,-0.12371454946134457
434,A,Y,-0.12410560395196235
448,C,Y,-0.12958421528981168
389,R,L,-0.12962033921458857
434,A,N,-0.12962804577150377
422,T,D,-0.12999675669808683
442,H,E,-0.1331241186081449
344,M,L,-0.1350108010402776
422,T,G,-0.13512641625923358
383,W,G,-0.13589632221298498
387,G,W,-0.13600992740088344
370,G,D,-0.13825183564593915
344,M,K,-0.13966561019710283
369,E,L,-0.14100665089705652
358,E,I,-0.14134073339001554
358,E,M,-0.14134073339001554
389,R,S,-0.14160402879061493
367,P,R,-0.14211056219312046
382,L,A,-0.14245137878911732
394,V,E,-0.14256096870565352
398,E,P,-0.14261317901828238
390,K,G,-0.14310299642079308
398,E,T,-0.14444548676633526
436,V,T,-0.14622312441210583
377,I,N,-0.14767647644609974
437,D,M,-0.14781700776894718
444,L,A,-0.14792611835487937
380,S,H,-0.1491906211697873
368,Q,H,-0.1499450831681068
429,D,E,-0.1513942036817368
443,H,Q,-0.15145181960870016
376,N,G,-0.15282900294712173
439,E,D,-0.1532487650682547
352,Q,H,-0.1545042285887212
405,R,P,-0.15524372350825774
408,A,T,-0.1557479922702307
367,P,T,-0.15775195965454117
354,R,K,-0.1589339922199023
425,E,L,-0.16268029100452858
396,T,L,-0.16287028612456775
413,I,A,-0.16314024989785103
450,S,D,-0.16356936431222774
389,R,A,-0.16382984026650874
358,E,T,-0.16465108205961748
398,E,I,-0.16466351157625705
366,D,L,-0.16474646674202034
431,R,W,-0.1648857292296626
390,K,A,-0.1652433304461689
400,F,W,-0.16967811998109503
421,K,R,-0.17074132913766912
437,D,A,-0.17086727893102013
365,P,R,-0.17229077450328087
338,G,Q,-0.1729932472720034
397,K,V,-0.1739549742206128
442,H,T,-0.17548686263447685
376,N,S,-0.1760697745424797
440,R,T,-0.17737134336112229
384,K,C,-0.17867447876374346
429,D,Y,-0.17867994404838858
425,E,K,-0.17916650693093186
415,E,V,-0.17954657131968968
413,I,L,-0.1804487987736398
434,A,C,-0.18049088615108788
368,Q,C,-0.1805810475926466
404,V,M,-0.1808000546169123
411,G,A,-0.1814022874408697
397,K,A,-0.1835334359952967
442,H,V,-0.1835626378553057
422,T,R,-0.18501113134978062
447,E,Q,-0.18616042380698242
390,K,T,-0.1865577676531325
434,A,F,-0.19119753183230936
366,D,V,-0.19127564713515288
402,N,H,-0.19225351803418192
419,E,S,-0.19310051004016193
406,S,R,-0.19322907097054987
381,W,Y,-0.1933559618690156
367,P,L,-0.19536415493079973
377,I,Y,-0.19600136704698423
389,R,C,-0.19922655856531205
445,R,F,-0.199622037157261
391,R,D,-0.20057696422637242
382,L,V,-0.2007858144178095
342,I,K,-0.2024287474477359
360,V,G,-0.20265218162221654
378,V,I,-0.20347229584679624
384,K,G,-0.2036128379074733
390,K,N,-0.20498631010111099
388,K,T,-0.20520925122199243
361,D,A,-0.20548110595113045
447,E,Y,-0.2061324178360123
425,E,V,-0.20824198466552055
382,L,R,-0.20830821898941101
384,K,Y,-0.2116042018331993
353,Q,K,-0.2119505688332093
436,V,C,-0.21280381318845845
401,I,Y,-0.2139411915247268
384,K,R,-0.21501775062232312
425,E,T,-0.2154135531151998
400,F,C,-0.215518641923258
437,D,R,-0.2166078542839215
425,E,D,-0.21764323947182926
439,E,K,-0.22147127582915935
368,Q,P,-0.22288227800231022
430,P,L,-0.22304221144479822
406,S,N,-0.223451157906336
349,P,S,-0.22362491300029289
343,A,L,-0.22464830365834043
434,A,P,-0.2254691817316071
428,N,Y,-0.22550929674538303
367,P,C,-0.22619795932522335
396,T,V,-0.2270853121053665
430,P,V,-0.22845509892676072
375,M,K,-0.23067267464374738
424,V,M,-0.23381115885920065
411,G,R,-0.2350100653519144
339,V,L,-0.2358911065124357
390,K,Q,-0.23657369953863427
419,E,T,-0.23674404454911838
444,L,W,-0.23705347996999646
392,P,T,-0.23770828730880578
391,R,Y,-0.23889528022917747
406,S,G,-0.24016581879089247
373,Q,P,-0.2406881471810088
384,K,D,-0.24172923447634162
443,H,L,-0.2434398409655217
391,R,V,-0.24345732900528852
366,D,S,-0.24362856366809602
425,E,Q,-0.24414535787465907
388,K,D,-0.24486416799148947
419,E,A,-0.24509159353717005
374,V,G,-0.2455300497370719
409,A,G,-0.2466267737645577
388,K,I,-0.2467004103114467
415,E,N,-0.247749463555339
446,G,Q,-0.2523489394372957
385,E,Q,-0.2527292338955435
415,E,P,-0.2529534242478526
399,E,A,-0.2536863250723493
372,R,V,-0.2538393740851102
401,I,F,-0.25414259512539633
386,L,F,-0.25450356537488455
444,L,M,-0.2569704041212731
357,K,T,-0.26006593980909204
397,K,T,-0.2605855335830298
372,R,M,-0.2629153712472158
401,I,Q,-0.2639783318041575
344,M,R,-0.2665788579808167
429,D,C,-0.2666379944641541
381,W,C,-0.26795456954614777
437,D,E,-0.269438715488917
421,K,E,-0.2754648135715428
407,N,Y,-0.2772114735684445
442,H,K,-0.2774618175641074
358,E,L,-0.27784883141311395
418,K,Q,-0.2789323688726079
345,T,S,-0.27956909679879266
397,K,Q,-0.280218633127429
441,E,A,-0.2813733870477995
437,D,C,-0.2818809979065437
430,P,N,-0.28252891530108665
443,H,P,-0.2831528736392215
339,V,I,-0.28485634360539674
391,R,Q,-0.28525305470807144
386,L,V,-0.2871290383610772
441,E,R,-0.28811724594798366
431,R,E,-0.29062848293159566
380,S,F,-0.29188139192272966
382,L,T,-0.292116826855471
380,S,Y,-0.2940907666788235
439,E,G,-0.29476145975580825
370,G,C,-0.2950117204275972
366,D,N,-0.29537717564400534
371,T,I,-0.29610589247069957
416,E,K,-0.29661038710901294
401,I,M,-0.29878265091350276
388,K,N,-0.30180367397980584
373,Q,T,-0.3022052091321045
446,G,M,-0.30331936392757947
427,V,E,-0.3037597381262844
371,T,C,-0.3044019209617932
382,L,C,-0.30468327881427404
397,K,S,-0.3056804686541302
393,R,C,-0.30701539519967497
433,W,G,-0.30752253636542287
351,G,C,-0.3082652311344394
353,Q,H,-0.3095466831733618
381,W,F,-0.31075893290741813
373,Q,L,-0.3123893325672274
398,E,V,-0.312682387729399
356,F,C,-0.312941225098142
386,L,Y,-0.3141589357800501
413,I,K,-0.314999550544867
364,V,G,-0.3165509606409011
370,G,S,-0.31660226382996587
384,K,M,-0.31709032145998534
431,R,Q,-0.3175131309359779
447,E,D,-0.3177952677018065
391,R,I,-0.318541898728763
357,K,Q,-0.31948873646190096
367,P,S,-0.3196686060955724
340,T,A,-0.31986493222555196
376,N,F,-0.32183026745035137
341,G,N,-0.3220234450688457
404,V,G,-0.3225162264842226
417,E,K,-0.3249656907076271
394,V,K,-0.3263213296557442
444,L,Q,-0.32833261659300844
437,D,Q,-0.32902052116648955
374,V,S,-0.3292474719661405
390,K,H,-0.33146655958410415
437,D,S,-0.33257911692054254
440,R,S,-0.33296745289528923
446,G,L,-0.33309834453917625
374,V,I,-0.33382047557351696
380,S,Q,-0.3339170492449652
363,R,S,-0.3339260926206071
377,I,C,-0.3353677218305942
402,N,T,-0.33662046275677887
395,C,G,-0.3379048377028937
388,K,M,-0.33831030293163583
447,E,C,-0.3391194878967955
342,I,V,-0.3394719424316141
436,V,E,-0.34081347193422573
375,M,G,-0.3410677966916351
377,I,M,-0.341863783743333
368,Q,A,-0.3434050929225347
342,I,F,-0.34375023704060664
385,E,D,-0.3452759732967266
377,I,Q,-0.3454766763500276
374,V,A,-0.3471131878553382
444,L,R,-0.34784400379289043
384,K,F,-0.35011776986133336
384,K,I,-0.3511045661461849
426,A,V,-0.35441485101795694
420,W,S,-0.35533321921642647
388,K,R,-0.35588638832860786
424,V,P,-0.3571074467906077
354,R,S,-0.3596870240471788
431,R,M,-0.3611123296085706
406,S,K,-0.3613377803509694
366,D,P,-0.3632752435204558
402,N,L,-0.36348946872957755
388,K,C,-0.3638220909423218
372,R,A,-0.36397131192611293
368,Q,R,-0.3658067381914556
369,E,G,-0.36630609008092757
398,E,M,-0.36710100520577127
442,H,Y,-0.3672940007814271
364,V,T,-0.36757086215174867
375,M,L,-0.36887912638222903
442,H,F,-0.36921141472605984
430,P,I,-0.36982342088774217
441,E,G,-0.37140282537517594
416,E,A,-0.37226396261139777
350,Y,S,-0.373182346497041
398,E,N,-0.3762999829126002
386,L,I,-0.3783329965328073
358,E,V,-0.38153181079492887
411,G,E,-0.38174285296829796
423,A,T,-0.3850430156103976
379,S,Y,-0.3867163335124217
403,K,M,-0.3880332090170804
390,K,R,-0.38848537673697825
434,A,H,-0.3903915080473865
402,N,Y,-0.3931563826169082
447,E,W,-0.3944377107706624
357,K,N,-0.3958573912989504
377,I,W,-0.39768259703751035
429,D,A,-0.3980202889026112
375,M,S,-0.3989163382539933
430,P,Q,-0.39900325839390477
428,N,W,-0.3991122282370299
447,E,I,-0.39985947396032534
428,N,F,-0.40003317616511413
385,E,M,-0.4001615493103991
388,K,Q,-0.40129573305941496
353,Q,L,-0.4022350151350551
435,L,I,-0.4026785741523944
420,W,Y,-0.4027675020895496
443,H,D,-0.40291003174473944
441,E,Q,-0.4047551906646047
446,G,A,-0.4056630556137475
338,G,H,-0.4061548729050115
384,K,E,-0.4061937212505687
402,N,S,-0.4073082625184236
401,I,S,-0.4125165393153862
445,R,G,-0.4164152947308892
378,V,A,-0.41664193699323465
385,E,T,-0.4168659281460833
399,E,D,-0.41724266461603143
389,R,G,-0.4173777909416139
378,V,L,-0.41756014629560756
376,N,W,-0.41804919201460594
366,D,Y,-0.41932942824566677
394,V,R,-0.41979440818117464
406,S,V,-0.420225705491501
341,G,R,-0.420410794941051
412,A,G,-0.4212467969172374
366,D,C,-0.421977902941358
379,S,G,-0.4237446637021203
346,D,G,-0.42513035466184973
338,G,P,-0.42586653828538484
402,N,G,-0.42814238155521034
435,L,R,-0.4286518678235314
345,T,A,-0.42932916710898067
399,E,V,-0.43420096324719254
347,T,A,-0.4343237096155179
356,F,Y,-0.43468031229500603
402,N,D,-0.4346954741830036
416,E,G,-0.4358013711575201
391,R,N,-0.43584223542810235
418,K,G,-0.43619096995897016
402,N,I,-0.43663840014791505
404,V,E,-0.4384834751947613
398,E,L,-0.4421826999165152
380,S,T,-0.4431852472959242
394,V,G,-0.4452931408250664
413,I,T,-0.4468771046193343
424,V,S,-0.44804570126748966
350,Y,C,-0.4487023848112368
391,R,P,-0.44894728726646954
441,E,W,-0.4496976990049189
385,E,C,-0.4507302462409392
373,Q,S,-0.45406755643904884
405,R,G,-0.45413987999160027
414,F,I,-0.45593099364964323
373,Q,G,-0.4584305851960768
410,L,R,-0.46008833561368023
444,L,T,-0.46129191913791895
354,R,G,-0.46231053529593846
372,R,S,-0.46286220927569866
435,L,V,-0.46423361996324114
422,T,N,-0.46646750177491314
353,Q,P,-0.46753214968591345
401,I,R,-0.46941854816690437
358,E,K,-0.4698195639981421
338,G,W,-0.47035771587721387
342,I,L,-0.47286212383015425
419,E,F,-0.47354961111184507
364,V,I,-0.47492558045392297
427,V,A,-0.4750730089141264
399,E,G,-0.47673475680417665
443,H,Y,-0.47724250216479075
398,E,A,-0.4783208268488836
421,K,F,-0.4789364439134791
444,L,K,-0.4864325943275562
417,E,G,-0.48662297129210885
385,E,G,-0.48684064004349165
407,N,I,-0.4873178264283084
418,K,R,-0.48752256652686965
447,E,F,-0.48788103010496586
343,A,V,-0.4902006290251028
419,E,D,-0.4913044272452309
401,I,L,-0.4933033444991961
385,E,F,-0.4947595428133007
421,K,M,-0.49594513056257655
394,V,D,-0.49749493608246054
402,N,A,-0.49936954236542014
388,K,Y,-0.49987793644818285
444,L,H,-0.5001792106207064
415,E,R,-0.5010824283712589
362,T,I,-0.5047633337486448
397,K,R,-0.5052900662207157
431,R,G,-0.5058695806633937
425,E,G,-0.50872408048811
447,E,S,-0.5087414817142883
382,L,Q,-0.5089538565757591
345,T,I,-0.5092258203070107
445,R,V,-0.5098568471893508
448,C,G,-0.5107264392614237
360,V,M,-0.5126263664821246
415,E,D,-0.5173240755198508
342,I,R,-0.5191397837503922
363,R,G,-0.5205731655365881
372,R,C,-0.5232800731995259
448,C,S,-0.5238282399994552
380,S,D,-0.5246578906120031
415,E,S,-0.5254305904893389
364,V,A,-0.5272475625316884
429,D,G,-0.5295980886494133
410,L,Q,-0.5297730763220844
343,A,G,-0.5297785660960921
427,V,G,-0.5302981871239386
430,P,W,-0.5303715262249705
394,V,L,-0.5334414473379994
373,Q,N,-0.5356122060902471
349,P,L,-0.5378775202506162
338,G,L,-0.5379760676809054
355,V,G,-0.5385126907822696
366,D,H,-0.5393640184172953
443,H,R,-0.5399575154136956
345,T,P,-0.5407428051292082
423,A,V,-0.5410544272408054
435,L,Q,-0.5419986985875954
374,V,C,-0.5431815342151279
417,E,A,-0.543286772864583
403,K,Q,-0.5448645420467676
388,K,G,-0.5461718786314295
403,K,N,-0.5473600260978086
447,E,A,-0.5497370366161913
421,K,V,-0.5499243895562226
437,D,G,-0.5502691680498512
414,F,V,-0.5505713564656846
376,N,Y,-0.5538759565275845
361,D,G,-0.5545922790806926
373,Q,M,-0.5562840862109275
358,E,G,-0.5563648221845455
375,M,C,-0.5567543120750001
430,P,R,-0.558412733728285
388,K,E,-0.5621877893692209
407,N,H,-0.5633969289726349
396,T,I,-0.5634909581895909
447,E,N,-0.5636970684807753
366,D,A,-0.5658325109896353
363,R,W,-0.5686359651033639
347,T,P,-0.569423996540657
348,T,A,-0.5695178905143252
342,I,M,-0.5699484287719138
422,T,M,-0.5716178356721772
348,T,S,-0.572108607505355
355,V,D,-0.5721360604452715
422,T,A,-0.5730573084091394
385,E,K,-0.5735231678708016
366,D,G,-0.5742924490809794
371,T,S,-0.5763490814652433
437,D,T,-0.5769235528937512
362,T,A,-0.5780450535924646
371,T,P,-0.5787218163128546
388,K,V,-0.5790290371809491
344,M,V,-0.5800519326749278
407,N,K,-0.5815978849256097
412,A,T,-0.5832719859982132
420,W,C,-0.5845871011823343
418,K,E,-0.585401326298403
367,P,A,-0.5854603936558476
377,I,V,-0.5856348829234935
441,E,V,-0.5859007525195586
439,E,V,-0.5876537714409895
364,V,E,-0.588493181089174
402,N,V,-0.5886342694905552
437,D,V,-0.5887939809395438
432,F,Y,-0.5895826699002444
436,V,M,-0.5899610148118871
391,R,A,-0.5902858280079092
377,I,R,-0.5918403353822107
398,E,K,-0.5978870781782212
408,A,V,-0.5989592536655771
403,K,T,-0.60045528639889
421,K,Q,-0.60073548513823
447,E,H,-0.6017906806593171
383,W,C,-0.6053668630484096
339,V,D,-0.6057704988937364
430,P,F,-0.6085556446829606
351,G,D,-0.609530122568881
401,I,V,-0.610215124553135
446,G,K,-0.61261634093586
400,F,Y,-0.6130974405924768
395,C,Y,-0.613595679808304
359,K,R,-0.6137680187893254
395,C,S,-0.614140441381073
448,C,W,-0.6154766352428501
359,K,E,-0.6178517516031898
424,V,K,-0.6199059447030586
377,I,K,-0.6206658553590864
435,L,P,-0.6239933930464326
446,G,H,-0.6263796980770276
406,S,D,-0.6269436885302122
338,G,C,-0.6280597453798623
343,A,S,-0.6284787596092248
401,I,C,-0.631916677060932
440,R,G,-0.6323012028458737
390,K,M,-0.6331426589391139
380,S,L,-0.6350913600052135
389,R,F,-0.6359944697754493
441,E,N,-0.6360218030590681
403,K,R,-0.6368471246984118
385,E,R,-0.6388600018694276
347,T,I,-0.6422241739002893
422,T,P,-0.6437230132594086
420,W,G,-0.645481978047313
447,E,M,-0.6479914158181691
343,A,F,-0.6516196638783383
379,S,T,-0.6516801244640194
385,E,A,-0.6559842269095951
399,E,Q,-0.6565572551604694
418,K,I,-0.6569344655347704
446,G,S,-0.6574862641496916
382,L,M,-0.6593917934740904
353,Q,R,-0.6599113623668048
396,T,S,-0.661342111105052
437,D,Y,-0.6644409561355449
428,N,D,-0.6662544359791123
356,F,V,-0.6734605354711695
378,V,G,-0.6752186975038571
410,L,P,-0.6763847702537498
378,V,S,-0.6767230317497166
428,N,S,-0.6770567222304956
387,G,A,-0.679386270901631
401,I,T,-0.6812880332573016
378,V,C,-0.6831875394022043
372,R,H,-0.6835831050743342
432,F,L,-0.683614903675215
404,V,T,-0.6912445474329257
397,K,P,-0.6915667336838961
398,E,G,-0.692173190792237
377,I,H,-0.6969269297155508
438,R,W,-0.698606081348934
346,D,V,-0.7004528827273745
436,V,A,-0.7006121795463754
416,E,D,-0.7013490344432994
407,N,T,-0.7024057070881967
376,N,M,-0.7031170403929975
390,K,E,-0.7061167623281713
388,K,L,-0.7067534120283598
385,E,H,-0.7081725748623876
428,N,K,-0.7081918299279674
352,Q,R,-0.7097685725151539
376,N,D,-0.7104952146166353
374,V,L,-0.710737340664299
373,Q,Y,-0.7116435928961381
427,V,I,-0.7128634276051294
384,K,W,-0.715105989662503
387,G,R,-0.7156857889117066
444,L,P,-0.7167411354245597
362,T,P,-0.7197838900251708
357,K,E,-0.7206116678537898
446,G,F,-0.72665218915478
387,G,S,-0.7268939893631239
392,P,S,-0.7315928107001124
387,G,V,-0.7323211336936294
347,T,S,-0.7345466816470138
411,G,V,-0.74138748600049
391,R,L,-0.7445514962894818
350,Y,H,-0.7453257342199114
375,M,V,-0.75029296108361
351,G,S,-0.7613480962191203
365,P,S,-0.7618091804849497
386,L,R,-0.7626273994134145
407,N,S,-0.7644237344443964
437,D,N,-0.7644827226615757
415,E,G,-0.7675418199636755
338,G,R,-0.7679650983979559
428,N,Q,-0.772282059908468
441,E,L,-0.7773767268522774
359,K,I,-0.7885084553455767
397,K,N,-0.7897876474467996
413,I,M,-0.7947953087483087
442,H,P,-0.7998003549708899
403,K,E,-0.8002618641743253
390,K,L,-0.8011377095928706
371,T,A,-0.8053099911252245
377,I,A,-0.8063463458216443
375,M,T,-0.8064736191806713
447,E,V,-0.8080809170607309
433,W,R,-0.8128381129308014
430,P,K,-0.8143423787215834
450,S,G,-0.8154270893709149
381,W,R,-0.82255196385979
343,A,T,-0.8257255032663265
449,H,P,-0.8348960594254784
405,R,H,-0.8363109922479331
397,K,E,-0.8366406014048664
432,F,S,-0.8387970266845212
383,W,R,-0.8406577594738732
401,I,A,-0.8429351991027253
446,G,E,-0.8441942439648308
398,E,H,-0.8457834011978614
386,L,Q,-0.8460998583728232
344,M,I,-0.846330450842252
391,R,T,-0.8468318927444104
376,N,A,-0.8501882393380881
414,F,L,-0.8532188157105719
395,C,R,-0.8549664798818927
373,Q,I,-0.8569763702875487
361,D,V,-0.8608464737627702
393,R,H,-0.8681334783817727
447,E,G,-0.8719292885309639
391,R,W,-0.8750809301823969
389,R,D,-0.8814876139986109
417,E,D,-0.8844922746010085
396,T,A,-0.8855838370157314
378,V,D,-0.8876236864634697
442,H,R,-0.8912686329518347
407,N,D,-0.891282842279589
450,S,C,-0.8979121627742485
404,V,A,-0.9109709471672405
446,G,Y,-0.9135970441020973
356,F,L,-0.9172946218197771
400,F,L,-0.9174737806680918
430,P,M,-0.9215561383111813
394,V,A,-0.9306156789850375
363,R,K,-0.9391103521896911
344,M,T,-0.9400943314689867
408,A,S,-0.9468559324387669
386,L,P,-0.9474235713710571
425,E,S,-0.9501440431367881
448,C,R,-0.9642846331302874
396,T,G,-0.9690800730050383
377,I,T,-0.96994455076262
415,E,A,-0.975666791360655
447,E,T,-0.9848733094376797
361,D,N,-0.9887127297490613
355,V,A,-0.9903021925591231
339,V,G,-0.9912641823326601
420,W,L,-0.9933307317017465
372,R,L,-0.9935159717251697
415,E,K,-1.0061944806518193
428,N,R,-1.0171755217361904
401,I,N,-1.0174695120643371
406,S,I,-1.0177737552510668
446,G,R,-1.0203969745076462
447,E,L,-1.0254264701404
444,L,G,-1.0300505307378207
356,F,S,-1.0423681859427447
379,S,P,-1.0678788454149688
414,F,S,-1.068378122989305
449,H,R,-1.0755376028784285
343,A,N,-1.0786219212070334
368,Q,L,-1.0867873534369257
444,L,Y,-1.0879854861199092
387,G,E,-1.095376191069943
400,F,S,-1.1190843057382336
372,R,T,-1.1313480408748517
365,P,C,-1.1475541885239444
408,A,M,-1.14793399231888
405,R,C,-1.158484239210533
426,A,T,-1.1752346540527758
346,D,Y,-1.1833316988263387
365,P,L,-1.2041176629922166
420,W,R,-1.2084331646592643
392,P,A,-1.2086321761088044
391,R,K,-1.2182628592294493
450,S,N,-1.2298914849334013
392,P,L,-1.2316963138242067
380,S,P,-1.2404009032673498
382,L,P,-1.2461120626504958
412,A,V,-1.269670731692041
445,R,T,-1.2752177527561281
339,V,A,-1.2855440305638206
409,A,T,-1.2899882787335384
398,E,R,-1.2911939552266254
343,A,H,-1.2949447460902572
417,E,V,-1.2959282690039486
391,R,G,-1.336963242293784
342,I,T,-1.3412533962279014
361,D,Y,-1.3511644774745506
360,V,A,-1.4293998667425338
375,M,I,-1.4723412240508023
348,T,I,-1.5191548045164815
409,A,V,-1.58617448822191
450,S,R,-1.7650205118983902
346,D,N,-1.798642621241811
338,G,G,
339,V,V,
340,T,T,
341,G,G,
342,I,I,
343,A,A,
344,M,M,
345,T,T,
346,D,D,
347,T,T,
348,T,T,
349,P,P,
350,Y,Y,
351,G,G,
352,Q,Q,
353,Q,Q,
354,R,R,
355,V,V,
356,F,F,
357,K,K,
358,E,E,
359,K,K,
360,V,V,
361,D,D,
362,T,T,
363,R,R,
364,V,V,
365,P,P,
366,D,D,
367,P,P,
368,Q,Q,
369,E,E,
370,G,G,
371,T,T,
372,R,R,
373,Q,Q,
374,V,V,
375,M,M,
376,N,N,
377,I,I,
378,V,V,
379,S,S,
380,S,S,
381,W,W,
382,L,L,
383,W,W,
384,K,K,
385,E,E,
386,L,L,
387,G,G,
388,K,K,
389,R,R,
390,K,K,
391,R,R,
392,P,P,
393,R,R,
394,V,V,
395,C,C,
396,T,T,
397,K,K,
398,E,E,
399,E,E,
400,F,F,
401,I,I,
402,N,N,
403,K,K,
404,V,V,
405,R,R,
406,S,S,
407,N,N,
408,A,A,
409,A,A,
410,L,L,
411,G,G,
412,A,A,
413,I,I,
414,F,F,
415,E,E,
416,E,E,
417,E,E,
418,K,K,
419,E,E,
420,W,W,
421,K,K,
422,T,T,
423,A,A,
424,V,V,
425,E,E,
426,A,A,
427,V,V,
428,N,N,
429,D,D,
430,P,P,
431,R,R,
432,F,F,
433,W,W,
434,A,A,
435,L,L,
436,V,V,
437,D,D,
438,R,R,
439,E,E,
440,R,R,
441,E,E,
442,H,H,
443,H,H,
444,L,L,
445,R,R,
446,G,G,
447,E,E,
448,C,C,
449,H,H,
450,S,S,
