site,wildtype
790,V
791,P
792,T
793,G
794,R
795,T
796,T
797,W
798,S
799,I
800,H
801,G
802,K
803,G
804,E
805,W
806,M
807,T
808,T
809,E
810,D
811,M
812,L
813,M
814,V
815,W
816,N
817,R
818,V
819,W
820,I
821,E
822,E
823,N
824,D
825,H
826,M
827,E
828,D
829,K
830,T
831,P
832,V
833,T
834,K
835,W
836,T
837,D
838,I
839,P
840,Y
841,L
842,G
843,K
844,R
845,E
846,D
847,L
848,W
849,C
850,G
851,S
852,L
853,I
854,G
855,H
856,R
857,P
858,R
859,T
860,T
861,W
862,A
863,E
864,N
865,I
866,K
867,D
868,T
869,V
870,N
871,M
872,V
873,R
874,R
875,I
876,I
877,G
878,D
879,E
880,E
881,K
882,Y
883,M
884,D
885,Y
886,L
887,S
888,T
889,Q
890,V
891,R
892,Y
893,L
894,G
895,E
896,E
897,G
898,S
899,T
900,P
901,G
902,V
903,L
