site,wt_aa,mut_aa,IFNsignal_rep1,IFNsignal_rep2,IFNsignal_rep3,IFNsignal_rep4,IFNsignal_rep5,IFNsignal_rep6
45,K,A,0.757896226,0.645745283,0.691731132,0.798957379,0.893992813,0.92181017
45,K,C,0.685382075,0.709306604,0.705830189,0.825626056,0.871359762,0.871070051
45,K,D,0.723599057,0.748490566,0.797136792,0.894440087,1.14919279,0.981556749
45,K,E,1.73265566,1.778683962,1.822542453,2.22367059,1.97229785,2.011419026
45,K,F,2.036650943,2.104278302,2.035018868,0.928234642,1.047443172,1.243765703
45,K,G,0.784353774,0.828009434,0.681957547,0.996194788,0.996235449,0.993836437
45,K,H,0.819320755,0.853033019,0.781716981,0.972067437,1.204471718,1.133202766
45,K,I,0.90925,0.75659434,0.761608491,0.865006446,0.879420849,0.816035091
45,K,K,0.969584906,0.962221698,1.07204717,1.036088526,1.039519317,0.924392157
45,K,L,0.716363208,0.656514151,0.654273585,0.867756161,0.853377338,0.77849462
45,K,M,,,,,,
45,K,N,0.732858491,0.808627358,0.684528302,0.947375911,0.880589859,0.82820296
45,K,P,0.94504717,0.93690566,0.940707547,0.881570811,1.047514329,0.959411632
45,K,Q,0.773061321,0.774759434,0.76340566,0.84111798,0.858027965,0.812772028
45,K,R,0.727759434,0.734325472,0.709773585,0.802733789,0.855654366,0.850759772
45,K,S,0.751764151,0.718231132,0.639679245,0.740613612,0.710625963,0.7119627
45,K,T,0.681349057,0.763943396,0.780556604,0.716105062,0.819059269,0.919766943
45,K,V,0.747650943,0.694589623,0.714816038,0.883995236,0.854729323,0.897865794
45,K,W,0.879820755,0.819872642,0.767919811,0.83552198,1.045659161,0.974934053
45,K,Y,0.829561321,0.774353774,0.743292453,0.924524306,1.04538978,0.866846367
45,K,stop,65.21533019,60.97919811,57.60476415,80.48903587,83.21120284,72.66185283
337,T,A,0.847799,0.844211,0.832122,0.831694,0.87211,0.839242
337,T,C,0.752738,0.824166,0.769411,0.715409,0.759131,0.709434
337,T,D,0.579937,0.533007,0.523165,0.613398,0.617772,0.574911
337,T,E,0.525428,0.573536,0.562333,0.642804,0.664867,0.647367
337,T,F,1.050783,1.031254,0.912409,0.639863,0.590497,0.570598
337,T,G,0.909719,0.99153,1.007831,1.101518,1.006371,1.10996
337,T,H,0.694585,0.678821,0.619079,0.750394,0.758755,0.699465
337,T,I,0.584327,0.563765,0.58372,0.604202,0.617255,0.651863
337,T,K,1.050346,0.862033,0.91205,0.948949,0.915987,0.889428
337,T,L,16.52494,16.29185,18.47862,6.559204,7.903767,7.032892
337,T,M,0.644157,0.621088,0.610387,,0.616853,0.52954
337,T,N,1.025942,1.035734,1.084375,1.152458,1.268418,1.289158
337,T,P,0.779864,0.721507,0.798525,0.696815,0.735948,0.709232
337,T,Q,0.657636,0.661974,0.662538,0.623187,0.715796,0.737227
337,T,R,0.600546,0.598344,0.593674,0.722079,0.649218,0.708781
337,T,S,1.39883,1.392071,1.494921,1.716568,1.686598,1.701441
337,T,T,1.034113,1.04272,0.923166,1.072094,0.98726,0.94065
337,T,V,0.492076,0.483368,0.473213,0.567135,0.538895,0.508198
337,T,W,0.978746,0.929903,0.879718,1.073512,1.0967,0.986864
337,T,Y,0.664558,0.66506,0.686228,0.713469,0.743625,0.708873
337,T,stop,112.463,96.66847,97.73819,107.8106,104.8922,110.11
462,K,A,,,,,,
462,K,C,1.27146,1.347406,1.392956,1.377015,1.409356,1.465474
462,K,D,1.328602,1.193736,1.21092,1.334761,1.364109,1.32392
462,K,E,1.312905,1.419923,1.48649,1.453541,1.407509,1.511824
462,K,F,1.112903,1.081192,1.096886,1.153402,1.032565,1.12223
462,K,G,1.215177,1.330861,1.413529,1.175171,1.262516,1.184214
462,K,H,,,,,,
462,K,I,1.465836,1.686011,1.868474,1.441948,1.375945,1.630533
462,K,K,,,,,,
462,K,L,1.279309,1.40847,1.37722,1.371953,1.251319,1.396205
462,K,M,,,,,,
462,K,N,1.128565,1.174538,1.151432,1.094583,1.185693,1.166412
462,K,P,1.155452,1.133812,1.21123,1.223389,1.230061,1.101406
462,K,Q,1.115847,1.279197,1.362047,1.171826,1.065096,1.355611
462,K,R,1.165628,1.090983,1.137374,1.161806,1.12934,1.136689
462,K,S,1.307137,1.236798,1.281458,1.118083,1.247045,1.272165
462,K,T,1.360637,1.132669,1.180329,1.273459,1.267663,1.234318
462,K,V,1.409628,1.441581,1.417886,1.305749,1.414503,1.457307
462,K,W,1.169402,1.198166,1.098308,1.222541,1.325754,1.144898
462,K,Y,,,,,,
462,K,stop,240.5351,184.7117,188.3406,190.5271,180.8522,180.6326
463,Q,A,1.00501,1.010532,0.870068,0.933851,0.854806,0.887074
463,Q,C,1.047377,1.077021,1.200007,0.936528,1.056758,1.049384
463,Q,D,1.056896,1.058832,1.110338,1.050539,1.142271,1.122895
463,Q,E,1.111226,1.126419,1.139545,1.106844,1.174426,1.072073
463,Q,F,1.026086,1.139815,0.960194,0.939038,1.013148,1.012054
463,Q,G,1.057004,1.326766,1.203249,1.071763,1.190069,1.147111
463,Q,H,1.085914,1.040524,1.01435,0.950037,1.014945,0.940685
463,Q,I,1.041842,1.100365,1.170613,0.932162,0.954837,1.023485
463,Q,K,1.356229,1.383624,1.041204,1.892031,2.062615,2.087546
463,Q,L,1.0391,1.057342,1.132099,0.865531,0.925412,1.069476
463,Q,M,1.195398,0.975266,1.0115,1.123466,1.179422,1.055617
463,Q,N,0.963105,0.980845,1.052419,0.931552,0.983306,0.988591
463,Q,P,1.099245,1.37057,1.163544,1.152856,1.283391,1.196145
463,Q,Q,0.986977,0.930671,1.08235,0.964487,1.027306,1.008206
463,Q,R,1.042463,1.149926,1.07009,0.985416,0.883898,0.887078
463,Q,S,1.212331,1.255328,1.201543,1.267676,1.315827,1.252211
463,Q,T,1.515178,1.315691,1.266184,1.575461,1.483349,1.45132
463,Q,V,1.081087,1.018376,1.032561,0.93741,1.000722,0.9493
463,Q,W,147.8031,145.1359,140.3569,144.5143,170.4768,177.8463
463,Q,Y,0.971497,1.004004,1.001114,0.95762,0.990258,0.825561
463,Q,stop,111.1666,139.0672,102.9582,161.8039,157.2059,148.5748
850,Q,A,1.638929,1.46926,1.539022,2.454458,2.637817,2.462451
850,Q,C,33.35554,26.78917,34.39935,81.51331,90.34246,92.32566
850,Q,D,7.071692,5.102387,8.037565,19.3978,20.87357,21.53782
850,Q,E,12.42673,16.59398,13.08855,41.64791,37.4386,36.06997
850,Q,F,28.66211,31.24143,35.76926,91.22972,104.1091,102.1625
850,Q,G,1.040218,1.016669,0.943117,1.087695,1.027028,0.885276
850,Q,H,19.00938,20.42763,24.32115,67.32835,75.54752,73.39904
850,Q,I,156.419,117.7588,114.1372,244.9114,223.1176,185.7667
850,Q,K,49.24922,50.52123,71.16733,106.1939,111.592,95.47784
850,Q,L,28.49951,33.63235,33.73528,70.86762,66.90766,79.44699
850,Q,M,23.59308,15.59357,15.83081,53.30148,53.62842,53.98513
850,Q,N,26.04151,36.74915,31.25734,62.02952,66.96875,72.12969
850,Q,P,140.1425,174.2036,128.0736,234.1606,256.4188,231.9251
850,Q,Q,2.129612,1.985474,1.817917,3.821569,3.758343,3.786645
850,Q,R,55.22794,47.48595,41.71611,128.0796,129.8192,126.0001
850,Q,S,6.104097,10.39924,6.494663,31.58974,28.87628,31.97248
850,Q,T,115.5896,115.8995,135.5799,207.1532,176.3998,188.7654
850,Q,V,103.2488,100.5029,94.37021,153.3438,186.8999,194.0208
850,Q,W,97.02007,52.22112,68.60986,131.7579,117.952,114.7405
850,Q,Y,28.79094,23.37274,27.24721,56.03233,59.50546,70.06946
850,Q,stop,113.9925,93.73023,112.4371,177.1003,160.3255,156.415
851,S,A,1.10138,1.156584,1.19082,0.986771,1.00763,1.023623
851,S,C,1.188855,1.128586,1.318898,1.165908,1.113841,1.197715
851,S,D,90.03594,84.35786,69.89056,52.87887,47.21312,57.72783
851,S,E,122.6996,141.6816,119.0883,89.59623,69.15363,69.08203
851,S,F,148.2205,158.5758,140.5426,98.98902,131.5872,136.7097
851,S,G,1.118458,1.192534,1.231773,0.986969,0.985087,1.013097
851,S,H,140.5087,140.1307,130.9,106.2553,103.3607,87.03233
851,S,I,128.4114,128.3322,111.1782,80.9572,86.19812,93.87166
851,S,K,160.526,137.3549,166.2841,101.211,67.74077,55.74237
851,S,L,51.393,51.5508,52.98732,20.04912,95.13332,37.87152
851,S,M,67.05964,72.96997,42.10745,16.33704,9.229791,20.15833
851,S,N,1.598526,1.531909,1.658093,1.064594,1.299702,1.194126
851,S,P,133.8267,127.5581,133.3391,96.71071,74.44477,69.35282
851,S,Q,136.1377,114.5295,125.2614,84.41591,220.0116,68.2117
851,S,R,146.051,139.9144,127.6005,53.13541,52.75755,46.81377
851,S,S,0.999761,1.017492,0.982751,1.010181,0.982496,1.007318
851,S,T,3.121811,3.834367,2.448703,1.354241,1.301347,1.292512
851,S,V,148.8442,143.5026,146.6953,77.83846,84.81546,164.3927
851,S,W,111.0107,107.1367,108.7647,62.77365,64.39914,77.42955
851,S,Y,156.4497,144.4322,145.7923,74.44919,85.65229,56.32199
851,S,stop,128.9816,137.9734,156.6623,81.25706,74.615,51.5459
852,L,A,12.3381,13.58096,13.16232,5.056439,5.965689,5.339798
852,L,C,1.088414,1.056718,1.115106,1.28243,1.273762,1.317062
852,L,D,131.9231,132.1864,121.474,86.40237,100.1838,111.9484
852,L,E,76.62796,73.415,90.98441,55.01455,61.82923,72.58875
852,L,F,1.146772,0.954059,0.853306,0.928157,1.014958,0.94855
852,L,G,52.11569,67.46184,69.27804,39.59972,34.53178,41.86074
852,L,H,11.67254,11.66134,10.24922,4.892206,3.727772,4.99585
852,L,I,0.680715,0.738602,0.726418,0.724277,0.802277,0.810405
852,L,K,135.0336,115.4867,106.0878,82.40439,78.03034,76.93318
852,L,L,0.942323,0.960595,1.097082,0.979945,1.022715,0.997339
852,L,M,2.635529,2.262957,2.385537,1.44168,1.639329,1.409092
852,L,N,45.51772,58.27057,56.5728,41.1251,44.44525,51.42747
852,L,P,111.707,104.0476,81.45409,107.499,92.90601,120.2147
852,L,Q,9.51184,7.749857,7.77602,3.940232,4.481937,4.349108
852,L,R,24.79555,19.3449,19.56605,17.77274,10.08836,12.87695
852,L,S,23.23381,23.20919,26.75945,20.09997,16.49843,21.7055
852,L,T,8.900483,9.290459,7.994424,2.944519,4.729499,4.783703
852,L,V,1.196335,1.28083,1.452434,1.507758,1.542641,1.506703
852,L,W,14.54586,16.17141,12.73118,7.706128,6.894829,7.491322
852,L,Y,10.64577,10.51025,10.02084,8.613661,5.763794,10.05975
852,L,stop,127.6468,123.9016,123.1471,117.8822,103.5164,130.2666
853,I,A,1.01202,1.189372,1.165055,0.888333,0.967262,0.929964
853,I,C,0.939859,0.908859,0.881375,0.831205,0.876678,0.80254
853,I,D,1.133461,1.039702,1.009484,0.674572,0.797081,0.712616
853,I,E,0.777469,0.854577,0.776811,0.712938,0.671443,0.707205
853,I,F,1.232567,1.189465,1.023561,0.908806,0.87388,0.92437
853,I,G,0.993748,1.049887,1.101813,1.010993,0.968134,0.965452
853,I,H,0.909587,0.941838,0.872728,0.749053,0.775801,0.734459
853,I,I,0.964147,1.013314,1.022545,0.970683,1.004351,1.024971
853,I,K,1.040473,1.163614,0.912941,1.05028,1.124762,1.014087
853,I,L,0.874817,0.880427,0.978536,0.998393,0.978007,1.027542
853,I,M,1.62873,1.539502,1.624108,1.122024,1.151946,1.174415
853,I,N,1.033978,1.113845,0.98491,0.8424,1.01813,0.886297
853,I,P,103.0755,111.5004,103.8452,76.52203,84.22113,84.26308
853,I,Q,1.229007,1.169026,1.213268,1.049481,1.127738,1.060212
853,I,R,1.220691,1.343956,1.389956,1.098563,1.064771,1.077866
853,I,S,0.8792,0.791591,0.78137,0.728957,0.699622,0.689379
853,I,T,0.90489,0.978828,0.943202,0.748482,0.828246,0.827152
853,I,V,0.961938,1.067352,0.986036,0.950979,1.020458,0.925389
853,I,W,0.881152,0.933876,0.904061,0.813146,0.869435,0.766284
853,I,Y,0.961302,0.937154,0.920498,0.926744,0.920823,0.836003
853,I,stop,192.2445,203.4549,175.6929,152.7602,126.1757,147.581
855,H,A,0.797078174,0.757204808,0.712826686,0.693423763,0.701183263,0.642800534
855,H,C,0.723959965,0.698243936,0.647468135,0.672232764,0.6858093,0.604438144
855,H,D,11.3310106,8.938216235,10.14849869,3.93814846,4.342051692,3.792323723
855,H,E,39.53639916,30.39125101,32.57935924,21.55854417,17.28588769,14.69661804
855,H,F,1.033910993,1.010054908,0.910350059,0.915232552,1.011646157,0.989015144
855,H,G,1.991643445,1.725737464,1.56931093,1.192756418,1.263140992,0.95535611
855,H,H,1.073659043,1.027394595,0.898946362,0.970289781,1.036665107,0.993045112
855,H,I,1.485000082,1.32728412,1.230174617,1.077094279,1.084071614,0.995961399
855,H,K,83.49847478,83.87867496,76.47201016,43.34865607,35.30498083,43.08614876
855,H,L,0.875710258,0.939106633,,0.803735058,0.868261157,0.781476999
855,H,M,0.636133692,0.757511501,0.691592329,0.739633712,0.809489935,0.780036985
855,H,N,108.313915,104.8266856,,82.31674785,114.6743306,88.90916343
855,H,P,72.28614771,69.52996851,66.40872591,61.86212469,88.98686203,53.68729939
855,H,Q,7.568638185,8.628400416,,3.880594515,8.743283819,3.743560081
855,H,R,53.98572065,47.88708427,48.09161212,24.36851411,32.53006332,51.6670684
855,H,S,0.872600458,0.878820057,,0.916164935,1.014116973,0.932274445
855,H,T,0.867426254,0.867244876,0.925384603,0.821237963,1.052950734,0.86090051
855,H,V,0.752261447,0.71348624,0.631645424,0.777265734,0.861843253,0.736862461
855,H,W,0.659745742,0.711049186,0.667033819,0.872954153,0.805128453,0.885427368
855,H,Y,0.742681419,0.786027339,0.713446667,0.92146916,0.946301633,0.939008324
855,H,stop,155.9450591,142.6043827,148.9940475,187.4825826,143.9721425,176.2231228