Mutant,DMS_fitness,IFN_signaling,cat,DMS_fitness_log2,IFN_signaling_log2
R41A,0.50698,2.640439575,1,-0.97999926,1.400778127
R41C,0.24488,1.184582132,1,-2.029853145,0.24437823
R41D,0.04554,1.26056401,1,-4.456721898,0.334069378
R41E,0.05857,2.043949295,1,-4.093694295,1.031359407
R41F,0.04955,1.585807053,1,-4.334971132,0.665217247
R41G,0.05319,1.272707972,1,-4.232701153,0.347901425
R41H,0.11627,1.055701615,1,-3.104449194,0.078202127
R41I,0.68533,1.314308275,1,-0.545129253,0.394303704
R41K,,,1,,
R41L,0.17014,0.91190792,1,-2.555205736,-0.133039939
R41M,0.33885,2.522678643,1,-1.561281323,1.334956437
R41N,0.05306,1.217935088,1,-4.236231514,0.284437244
R41P,0.0302,2.753023533,1,-5.04930764,1.461016942
R41Q,0.49759,1.231730702,1,-1.006970603,0.300686869
R41R,,,1,,
R41S,0.32732,1.206715097,1,-1.611226338,0.271085099
R41T,0.53561,0.816076155,1,-0.900745198,-0.293224306
R41V,0.78857,1.781011805,1,-0.342689269,0.832697079
R41W,0.03433,3.260998217,1,-4.864386332,1.705313652
R41Y,0.06377,3.602924698,1,-3.970978309,1.849168499
K45A,0.74118,0.784574492,1,-0.432104143,-0.350017663
K45C,0.51506,0.777646777,1,-0.957187591,-0.362813092
K45D,0.53871,0.881917053,1,-0.892419249,-0.181285123
K45E,0.73929,1.922401935,1,-0.435787696,0.942910006
K45F,0.34718,1.564576692,1,-1.526244254,0.645772378
K45G,0.50624,0.879606883,1,-0.98210659,-0.185069201
K45H,0.8,0.960110298,1,-0.321928095,-0.058727942
K45I,0.54306,0.83080017,1,-0.880816492,-0.267426583
K45K,,,1,,
K45L,0.83682,0.754029063,1,-0.257010762,-0.407307964
K45M,0.74859,0.998172603,1,-0.417752319,-0.002638788
K45N,0.72624,0.813221042,1,-0.461481701,-0.29828055
K45P,0.01353,0.951255875,1,-6.20769435,-0.072094636
K45Q,0.81071,0.803362502,1,-0.302742156,-0.315876972
K45R,0.378,0.779702483,1,-1.40354186,-0.359004366
K45S,0.82365,0.711694603,1,-0.279896683,-0.490669799
K45T,0.62212,0.779652962,1,-0.684735208,-0.359095998
K45V,0.54482,0.798479527,1,-0.87614843,-0.324672677
K45W,0.16976,0.88675955,1,-2.558431534,-0.173385132
K45Y,0.35988,0.863492317,1,-1.474412167,-0.211744754
P108A,0.98213,1.114694423,1,-0.026014095,0.156648271
P108C,0.56204,1.038743683,1,-0.831255285,0.054839703
P108D,0.15314,13.61328697,1,-2.707076932,3.766943547
P108E,0.10377,1.129109772,1,-3.268538675,0.175185752
P108F,0.22404,0.909791243,1,-2.158171761,-0.136392547
P108G,0.13297,1.029680857,1,-2.910827306,0.042197253
P108H,0.41363,1.179672932,1,-1.273587269,0.238386923
P108I,0.5207,1.066550353,1,-0.941475688,0.092952078
P108K,0.34496,1.406916137,1,-1.535499012,0.492536335
P108L,0.13326,0.964431927,1,-2.907684296,-0.052248684
P108M,0.18471,0.944885792,1,-2.436666121,-0.081788133
P108N,0.21629,1.177405488,1,-2.20896113,0.235611257
P108P,,,1,,
P108Q,0.1136,1.127661053,1,-3.13796526,0.173333494
P108R,0.45382,1.318504858,1,-1.139807904,0.398902887
P108S,0.35501,1.27178954,1,-1.494068432,0.346859948
P108T,0.55005,1.130831172,1,-0.862365328,0.177383558
P108V,0.48382,1.163204542,1,-1.047457687,0.218104808
P108W,0.10097,1.002878168,1,-3.308001389,0.004146355
P108Y,0.14718,2.455446718,1,-2.764346455,1.295985517
E112A,0.57356,0.939276433,1,-0.801983681,-0.090378283
E112C,0.53363,0.913857302,1,-0.90608832,-0.129959188
E112D,0.68308,0.966276318,1,-0.549873543,-0.049492291
E112E,,,1,,
E112F,0.04227,1.211529795,1,-4.564222077,0.276829885
E112G,0.21787,0.844566077,1,-2.198460539,-0.243717794
E112H,0.12752,0.990701745,1,-2.97120456,-0.013477302
E112I,0.47461,1.122617372,1,-1.075185597,0.16686629
E112K,0.4901,1.336597707,1,-1.028851948,0.418565304
E112L,0.43646,1.115627702,1,-1.196078653,0.157855663
E112M,0.88206,0.928048915,1,-0.1810513,-0.107727247
E112N,0.52055,0.605206975,1,-0.941891351,-0.72449948
E112P,0.22495,11.65554712,1,-2.152323728,3.542944822
E112Q,0.51867,0.8629168,1,-0.947111169,-0.212706629
E112R,0.24152,1.188570653,1,-2.049785433,0.249227665
E112S,0.665,0.910290102,1,-0.588573754,-0.135601701
E112T,0.73386,1.124216487,1,-0.446423232,0.168919878
E112V,0.4353,0.7984751,1,-1.199918075,-0.324680676
E112W,0.02328,0.859258625,1,-5.424765132,-0.218835667
E112Y,0.13056,1.051165167,1,-2.937215132,0.071989374
T337A,0.66207,1.517575345,1,-0.594944335,0.601768146
T337C,0.06798,0.858181078,1,-3.878745828,-0.220646003
T337D,0.20693,0.55343755,1,-2.272785278,-0.853507563
T337E,0.7544,1.088453235,1,-0.406598419,0.122279424
T337F,0.02891,1.69339488,1,-5.112287581,0.759918432
T337G,0.49121,1.342991433,1,-1.025588164,0.425450102
T337H,0.56075,1.84749067,1,-0.83457038,0.885567079
T337I,0.49069,0.865012928,1,-1.027116225,-0.2092064
T337K,0.0155,2.492827595,1,-6.011587974,1.317783109
T337L,0.16682,0.90835733,1,-2.583635831,-0.138668158
T337M,1.3295,1.222905758,1,0.410883777,0.290313228
T337N,0.63381,1.649626097,1,-0.657877673,0.722139061
T337P,1.8868,1.933587562,1,0.915941506,0.951280098
T337Q,1.6115,1.930119575,1,0.688404188,0.948690228
T337R,0.01719,3.357971507,1,-5.862286645,1.747589989
T337S,0.9918,1.421718952,1,-0.01187887,0.507636299
T337T,,,1,,
T337V,0.43834,0.422705265,1,-1.189877759,-1.242276013
T337W,0.62248,1.140824022,1,-0.68390061,0.190076266
T337Y,1.0457,0.660980902,1,0.064469017,-0.597319507
T340A,0.046571,5.14567011,1,-4.424424329,2.363358969
T340C,0.067965,8.919835317,1,-3.879064198,3.157017075
T340D,0.02251,1.136940443,1,-5.473290133,0.185156683
T340E,0.017611,0.954552213,1,-5.827379358,-0.067103981
T340F,0.033362,0.84294468,1,-4.905650411,-0.24649014
T340G,0.004465,0.998318257,1,-7.807124109,-0.002428285
T340H,0.033486,0.954714547,1,-4.900298138,-0.066858653
T340I,2.4428,1.059302405,1,1.28853575,0.083114502
T340K,0.033982,1.02555479,1,-4.879085425,0.036404569
T340L,0.44146,1.01773455,1,-1.179645371,0.02536132
T340M,0.18275,0.886273648,1,-2.452056689,-0.174175877
T340N,0.033796,0.95668462,1,-4.887003687,-0.06388469
T340P,0.027285,1.103912733,1,-5.195748146,0.142626128
T340Q,0.023999,1.33775813,1,-5.380881897,0.419817297
T340R,0.008372,0.957719502,1,-6.900211973,-0.062324915
T340S,0.018107,0.959720173,1,-5.787308652,-0.059314276
T340T,,,1,,
T340V,1.7118,0.999741236,1,0.775514153,-0.000373366
T340W,0.012216,1.112050482,1,-6.355084223,0.153222281
T340Y,0.038571,0.98490085,1,-4.69633964,-0.021949599
K462A,,,1,,
K462C,0.020791,1.319092878,1,-5.58789704,0.399546149
K462D,0.029,1.292674177,1,-5.10780329,0.370358685
K462E,0.049775,1.432031212,1,-4.328434874,0.518062937
K462F,0.022275,1.099862532,1,-5.488430758,0.137323218
K462G,0.029936,1.233084168,1,-5.061974726,0.302271279
K462H,,,1,,
K462I,0.024129,1.578123763,1,-5.373088064,0.658210352
K462K,,,1,,
K462L,0.008323,1.347412025,1,-6.908680648,0.43019108
K462M,,,1,,
K462N,0.054517,1.179405805,1,-4.197150015,0.2380602
K462P,0.012903,1.175891208,1,-6.276149653,0.23375459
K462Q,0.090937,1.224936852,1,-3.458988779,0.292707377
K462R,0.10287,1.708629408,1,-3.281105785,0.772839519
K462S,0.008258,1.24378031,1,-6.919991866,0.314731683
K462T,0.027065,1.241511912,1,-5.207427802,0.312098104
K462V,0.013516,1.407775002,1,-6.209187934,0.493416773
K462W,0.015452,1.218796392,1,-6.016062607,0.285457134
K462Y,,,1,,
Q463A,0.5743,0.926890797,1,-0.800123533,-0.109528719
Q463C,0.1671,1.061179735,1,-2.581216361,0.08566903
Q463D,0.14256,1.090295942,1,-2.810358853,0.124719783
Q463E,0.79998,1.121756122,1,-0.321964163,0.165759058
Q463F,0.1375,1.015056153,1,-2.862496476,0.02155954
Q463G,0.01714,1.165994018,1,-5.86648908,0.221560387
Q463H,0.25577,1.00774311,1,-1.967081039,0.011127919
Q463I,0.97398,1.037217852,1,-0.038035947,0.052718942
Q463K,0.25996,1.637208985,1,-1.943638442,0.711238489
Q463L,1.5644,1.014827287,1,0.645609441,0.021234217
Q463M,2.6587,1.090112028,1,1.410720997,0.124476405
Q463N,0.13541,0.983303443,1,-2.884593809,-0.0242914
Q463P,1.6654,1.21095923,1,0.735868729,0.276150294
Q463Q,,,1,,
Q463R,0.04958,1.003145658,1,-4.334097918,0.004531102
Q463S,0.11962,1.250820135,1,-3.063469472,0.322874348
Q463T,0.36552,1.434531595,1,-1.451977747,0.520579743
Q463V,0.81416,1.003243112,1,-0.296615752,0.004671251
Q463W,,,1,,
Q463Y,0.56332,0.958342763,1,-0.827973401,-0.061386349
F466A,0.015845,1.484494467,1,-5.97982853,0.569971716
F466C,0.044109,1.749814372,1,-4.502783136,0.807201883
F466D,0.022071,1.941763373,1,-5.501704193,0.957367402
F466E,0.027167,1.28657786,1,-5.202000929,0.363538767
F466F,,,1,,
F466G,0.010716,1.173589532,1,-6.544089703,0.230927908
F466H,0.023071,1.296292143,1,-5.437775652,0.374390892
F466I,0.030788,0.926577043,1,-5.021488037,-0.110017156
F466K,0.030493,1.662549607,1,-5.035378095,0.733397388
F466L,0.039145,0.796228677,1,-4.675028146,-0.328745262
F466M,0.029985,0.895020295,1,-5.059615217,-0.160007698
F466N,0.026167,1.356940088,1,-5.256107658,0.440357024
F466P,0.013698,1.282221715,1,-6.189890924,0.358645747
F466Q,0.032263,1.364262383,1,-4.953975595,0.448121139
F466R,0.010437,3.490855227,1,-6.582149105,1.803580527
F466S,0.040243,1.690219395,1,-4.635118332,0.757210524
F466T,0.017106,1.188440395,1,-5.869353745,0.249069548
F466V,0.028019,0.888360933,1,-5.157450723,-0.170782145
F466W,0.15694,1.156640565,1,-2.67171499,0.209940605
F466Y,0.040259,1.572272245,1,-4.634544852,0.652851047
H732A,0.91434,0.961021782,1,-0.129197359,-0.057358964
H732C,0.34876,0.798595212,1,-1.519693511,-0.324463673
H732D,0.95643,1.197030798,1,-0.064268712,0.259460271
H732E,0.80966,0.889897282,1,-0.30461189,-0.168289275
H732F,0.2468,0.904811527,1,-2.0185857,-0.144310786
H732G,0.8315,0.834800363,1,-0.266211831,-0.260496867
H732H,,,1,,
H732I,0.05703,2.43347815,1,-4.132135157,1.283019821
H732K,0.40263,2.498852442,1,-1.312473423,1.321265712
H732L,0.31006,0.859724983,1,-1.689380675,-0.218052864
H732M,0.50017,0.893481853,1,-0.999509567,-0.162489667
H732N,0.71189,1.758964152,1,-0.490273759,0.814726081
H732P,0.71631,0.718586657,1,-0.481344012,-0.476765948
H732Q,1.7615,0.691513333,1,0.816804475,-0.532171027
H732R,0.11316,1.023096132,1,-3.143564013,0.03294171
H732S,0.55641,0.707220242,1,-0.845779746,-0.499768527
H732T,0.26514,0.767626932,1,-1.915173758,-0.381522766
H732V,0.14292,0.767621933,1,-2.806720276,-0.381532161
H732W,0.14394,1.004368157,1,-2.796460531,0.006288195
H732Y,0.52778,0.82117469,1,-0.921991414,-0.284238933
D734A,0.02607,85.94867883,1,-5.261465607,6.425403558
D734C,0.01755,44.05652933,1,-5.832385159,5.461283942
D734D,,,1,,
D734E,0.14591,16.83764505,1,-2.776849333,4.073618469
D734F,0.01362,121.4421913,1,-6.198129486,6.924125918
D734G,0.0995,84.5239896,1,-3.329159664,6.40128896
D734H,0.0551,94.89302425,1,-4.181803871,6.568230131
D734I,0.01515,97.1737176,1,-6.044538396,6.602494258
D734K,0.01797,100.5442786,1,-5.798265781,6.651687178
D734L,0.00518,97.41500902,1,-7.592832187,6.606072165
D734M,0.01529,94.17612328,1,-6.031267783,6.557289431
D734N,0.04572,78.46678573,1,-4.451030786,6.294010199
D734P,0.00611,112.6315823,1,-7.354611905,6.815467611
D734Q,0.01427,95.69325547,1,-6.130870855,6.580345341
D734R,0.0075,104.0336317,1,-7.058893689,6.700906184
D734S,0.0104,74.04399765,1,-6.587272661,6.210310884
D734T,0.0081,92.83559655,1,-6.947862377,6.536606188
D734V,0.01432,109.6100607,1,-6.125824697,6.776236414
D734W,0.01462,113.3234416,1,-6.095912878,6.824302511
D734Y,0.02749,74.76958737,1,-5.184949283,6.224379666
L847A,0.048143,4.26084892,1,-4.376530145,2.091140898
L847C,0.1381,1.716501468,1,-2.856214775,0.779471091
L847D,0.037082,1.526629323,1,-4.753137133,0.610349808
L847E,0.030324,0.882664687,1,-5.04339612,-0.180062614
L847F,0.41382,1.018064053,1,-1.272924722,0.025828334
L847G,0.1481,0.998991762,1,-2.755356454,-0.001455314
L847H,0.13262,1.130191165,1,-2.914629735,0.176566816
L847I,0.085369,1.289653082,1,-3.55014391,0.366983031
L847K,0.035782,2.222117327,1,-4.804622162,1.151934993
L847L,,,1,,
L847M,0.15613,1.114161167,1,-2.679180321,0.155957938
L847N,0.21068,0.876719147,1,-2.24687473,-0.189813339
L847P,0.020043,4.838669985,1,-5.640757725,2.274610545
L847Q,0.1671,20.40311683,1,-2.581216361,4.350717654
L847R,0.045833,1.090899265,1,-4.447469469,0.125517888
L847S,0.036129,3.866860155,1,-4.790698866,1.95116259
L847T,0.026136,1.08200143,1,-5.25781783,0.113702406
L847V,0.063507,1.343150225,1,-3.976940569,0.425620672
L847W,0.026772,0.88152755,1,-5.22313127,-0.181922437
L847Y,0.06628,0.898513022,1,-3.915282587,-0.154388682
G850A,0.018312,2.033655285,1,-5.771066822,1.024075156
G850C,0.019983,59.78757122,1,-5.645083002,5.9017737
G850D,0.035168,13.67013623,1,-4.829592898,3.772955715
G850E,0.026293,26.21095045,1,-5.249177429,4.712097764
G850F,0.024536,65.52899588,1,-5.348956118,6.03406152
G850G,,,1,,
G850H,0.01677,46.67217383,1,-5.897973501,5.54449076
G850I,0.0237,173.6850635,1,-5.398969131,7.440329881
G850K,0.032532,80.7002313,1,-4.941996671,6.334500903
G850L,0.009105,52.18155405,1,-6.779125267,5.705468005
G850M,0.023023,35.98874407,1,-5.440780354,5.169473851
G850N,0.023052,49.19598072,1,-5.438964265,5.620468548
G850P,0.012246,141.4958218,1,-6.351545602,7.144615642
G850Q,0.024204,2.883259203,1,-5.3686107,1.52770054
G850R,0.028094,88.05479902,1,-5.153594141,6.460329729
G850S,0.009206,19.23941661,1,-6.763209842,4.265993148
G850T,0.012995,156.5644982,1,-6.265899556,7.290613301
G850V,0.062125,138.7310289,1,-4.008682243,7.11614669
G850W,0.020703,97.0502226,1,-5.594016351,6.600659617
G850Y,0.018658,44.16968008,1,-5.744061842,5.464984478
S851A,0.19585,1.07780148,1,-2.352178967,0.108091473
S851C,0.037602,1.185634002,1,-4.733046791,0.245658727
S851D,0.034451,67.01736198,1,-4.85931033,6.066462993
S851E,0.022688,101.883567,1,-5.461926752,6.670777565
S851F,0.047259,135.7708068,1,-4.403267088,7.085029497
S851G,0.01637,1.08798652,1,-5.932801868,0.121660682
S851H,0.01976,118.0312861,1,-5.661273243,6.88302551
S851I,0.051557,104.8247849,1,-4.277687871,6.71183606
S851K,0.029777,114.8098255,1,-5.069657778,6.843102304
S851L,0.020034,51.49752793,1,-5.641405691,5.686431274
S851M,0.024315,37.97701489,1,-5.362009598,5.247054605
S851N,0.018613,1.391158505,1,-5.747545585,0.476286806
S851P,0.0169,105.8720307,1,-5.886832943,6.726177698
S851Q,0.030839,124.7613284,1,-5.019100205,6.963027009
S851R,0.010719,94.3787427,1,-6.54368587,6.560390047
S851S,,,1,,
S851T,0.045496,2.225496143,1,-4.45811648,1.154127
S851V,0.018818,127.6814746,1,-5.731742885,6.996405408
S851W,0.01964,88.58572635,1,-5.67006126,6.469002354
S851Y,0.051609,110.5162634,1,-4.276233513,6.78811488
L852A,0.021255,9.240554803,1,-5.556053931,3.207979474
L852C,0.046011,1.188915775,1,-4.441877378,0.249646516
L852D,0.061289,114.0197152,1,-4.028228024,6.833139493
L852E,0.032696,71.74333797,1,-4.934742041,6.164772965
L852F,0.13306,0.974300788,1,-2.909851156,-0.037560862
L852G,0.012601,50.80798188,1,-6.310317961,5.666983256
L852H,0.048108,7.86649081,1,-4.377579366,2.975720202
L852I,0.098401,0.747116033,1,-3.345183213,-0.420595773
L852K,0.037291,98.99601035,1,-4.745028705,6.629298479
L852L,,,1,,
L852M,0.4197,1.962354275,1,-1.252569632,0.972585523
L852N,0.034436,49.55983493,1,-4.859938617,5.631099477
L852P,0.02237,102.9714328,1,-5.482290933,6.686100338
L852Q,0.03854,6.301500728,1,-4.697499618,2.655695453
L852R,0.052724,17.40742805,1,-4.245396363,4.121631155
L852S,0.016705,21.91773268,1,-5.903576207,4.454026659
L852T,0.04474,6.440516008,1,-4.482290933,2.68717628
L852V,0.03089,1.414450725,1,-5.016716319,0.500241919
L852W,0.040346,10.92345836,1,-4.631430541,3.44935778
L852Y,0.039142,9.269015748,1,-4.675138716,3.212416151
I853A,0.023758,1.025332365,1,-5.395442798,0.03609164
I853C,0.092102,0.873417703,1,-3.440623705,-0.195256322
I853D,0.024252,0.894484228,1,-5.365752462,-0.160872051
I853E,0.028498,0.750072457,1,-5.132995516,-0.414898128
I853F,0.041365,1.025439607,1,-4.595445608,0.036242527
I853G,0.014295,1.015002627,1,-6.12834557,0.021483461
I853H,0.036643,0.830576243,1,-4.770318567,-0.267815488
I853I,,,1,,
I853K,0.049584,1.05102421,1,-4.33398153,0.071795902
I853L,0.21089,0.95628512,1,-2.245437408,-0.064487268
I853M,0.029011,1.373451453,1,-5.107256164,0.457805917
I853N,0.032214,0.979924835,1,-4.956168379,-0.029257003
I853P,0.018999,93.904362,1,-5.717932705,6.55312027
I853Q,0.034959,1.14145321,1,-4.838192273,0.190871722
I853R,0.041713,1.19929816,1,-4.583359115,0.262190375
I853S,0.01402,0.76168508,1,-6.15636984,-0.392733459
I853T,0.029651,0.871798463,1,-5.075775428,-0.197933435
I853V,0.029725,0.985356858,1,-5.07217938,-0.021281788
I853W,0.027821,0.861324097,1,-5.167681913,-0.215371901
I853Y,0.050847,0.91708556,1,-4.297693533,-0.124871758
H855A,0.038043,0.717419303,1,-4.716225171,-0.479111532
H855C,0.38956,0.672026478,1,-1.360082546,-0.573410018
H855D,0.10559,7.08170867,1,-3.243454886,2.824097495
H855E,0.054251,26.00801463,1,-4.204206459,4.700884368
H855F,3.374,0.978369215,1,1.754459974,-0.031549086
H855G,0.038432,1.449658253,1,-4.701548134,0.535712835
H855H,,,1,,
H855I,0.032415,1.199930178,1,-4.947194617,0.26295046
H855K,0.069293,60.93149727,1,-3.851146572,5.929116287
H855L,0.031444,0.853657852,1,-4.991071435,-0.228270145
H855M,0.10054,0.73573305,1,-3.314158501,-0.442745695
H855N,,,1,,
H855P,0.02368,68.79352522,1,-5.400187109,6.104200881
H855Q,0.067838,6.512897146,1,-3.881762553,2.703299443
H855R,0.016304,43.08834755,1,-5.938630233,5.429225867
H855S,0.038432,0.922795636,1,-4.701548134,-0.115916914
H855T,0.017275,0.899190427,1,-5.855170479,-0.153301419
H855V,0.053183,0.745560715,1,-4.232891029,-0.423602251
H855W,2.0172,0.766889783,1,1.01235413,-0.382908846
H855Y,1.9921,0.841489707,1,0.99429007,-0.24898247
S20R,0.28063,1.010877495,1,-1.83325885,0.015608172
A21E,0.3899,0.719158133,1,-1.35882394,-0.475619061
L22Y,0.8497,0.98063981,1,-0.23497453,-0.028204765
L22P,1.3216,1.586948013,1,0.402285592,0.666254868
F24W,0.38289,0.898837472,1,-1.384998113,-0.153867824
Y25G,0.28112,1.363347977,1,-1.830741998,0.447153838
Y25I,0.98673,1.276465642,1,-0.019272722,0.352154706
R42T,0.87574,1.269249615,1,-0.191425486,0.343975822
D46A,0.31056,1.02291726,1,-1.687056072,0.032689456
R84I,0.23963,0.822589223,1,-2.06111956,-0.281755924
G109R,0.37804,0.88328218,1,-1.403389202,-0.179053689
H110Q,0.92827,1.227896678,1,-0.107383601,0.296189169
E111Y,0.0191,0.78207333,1,-5.710283552,-0.354624209
R248A,0.54802,1.100097157,1,-0.86769955,0.137630944
R248I,0.46587,0.948627855,1,-1.102000665,-0.076085863
P313E,0.52363,1.01838403,1,-0.93338034,0.026281701
Q315A,0.65658,1.039523017,1,-0.60695729,0.055921703
A318S,0.66052,0.977030752,1,-0.598325849,-0.033524123
S319L,0.44905,1.30171738,1,-1.155052002,0.380416254
S320T,0.2655,1.097991888,1,-1.913216234,0.134867396
L321W,0.31161,0.99982592,1,-1.682186563,-0.000251166
L328H,0.09938,1.042448487,1,-3.330900648,0.059976094
V335M,0.50322,1.087411013,1,-0.990738833,0.120897345
V336C,0.34692,0.951013707,1,-1.52732508,-0.07246196
,0.44146,,1,-1.179645371,
A343C,2.0941,1.24411642,1,1.066330337,0.315121494
K468T,0.79529,0.99026155,1,-0.330447064,-0.014118472
K468V,1.1473,1.134048109,1,0.198242682,0.181481844
K468S,0.49296,1.782761408,1,-1.020457507,0.834113636
D692G,0.68988,1.151432032,1,-0.535582658,0.203429253
K697D,2.4176,1.15920688,1,1.273575566,0.213138063
T700M,1.1533,1.177998978,1,0.20576784,0.236338288
T700Q,1.0284,1.500554755,1,0.040401515,0.585495964
W748Y,0.32864,1.256569652,1,-1.605420008,0.329490642
S749R,1.2423,1.104722943,1,0.313013609,0.143684597
S749K,1.5514,1.181641633,1,0.633570707,0.240792563
I750N,0.47811,1.029441452,1,-1.064585514,0.041861781
I750V,1.1987,1.061102978,1,0.261470639,0.085564674
G854T,0.52617,1.498837572,1,-0.9263991,0.583844048
M871R,1.4206,1.077910952,1,0.50650039,0.108238
L22A,1.1819,1.360084153,1,0.241107975,0.443695919
L22G,1.2201,1.039824998,1,0.286999397,0.056340744
L22K,0.377,1.182279997,1,-1.407363571,0.241571747
L22P,,,1,,
L22W,,,1,,
Y25P,0.09413,0.81078164,1,-3.409201595,-0.302614675
Y25Q,0.95583,0.75707461,1,-0.065174046,-0.40149261
Y25S,1.0066,0.745167488,1,0.009490503,-0.424363365
K45M,,,1,,
R84C,0.09125,0.81496739,1,-3.454031631,-0.295185762
R84L,0.07875,0.785728842,1,-3.666576266,-0.347896576
R84M,0.10728,0.758993555,1,-3.220546953,-0.39784046
R84W,0.0826,0.753033963,1,-3.597714408,-0.409213161
G109H,0.85524,0.868127232,1,-0.225598765,-0.204021597
G109A,0.58105,0.773456172,1,-0.78326578,-0.370608551
G109W,0.03784,1.09714621,1,-4.723944101,0.133755798
D46I,0.21941,0.698857358,1,-2.188298814,-0.516930074
D46N,0.559,0.780446778,1,-0.839079812,-0.357627843
T314H,0.09158,0.85279875,1,-3.448823625,-0.229722771
T314F,0.06387,0.803449113,1,-3.968717739,-0.315721442
D334W,0.02405,0.713831645,1,-5.377819296,-0.486344236
D334L,0.00788,0.924718615,1,-6.987588655,-0.112913664
D334M,0.02682,0.88302669,1,-5.220546953,-0.17947105
D334F,0.01434,1.031461675,1,-6.123811166,0.044690217
D334I,0.01515,37.15032061,1,-6.044538396,5.215302756
D334C,0.0165,0.97661891,1,-5.921390165,-0.034132382
G745W,0.05136,0.825928748,1,-4.283210987,-0.275910768
G745C,0.04281,0.823030605,1,-4.545908354,-0.280982016
G745L,0.01761,0.874782507,1,-5.827461281,-0.193003724
G745E,0.06932,0.84088088,1,-3.850584535,-0.250026654
G745S,0.03874,0.948389385,1,-4.690032236,-0.07644858
W748A,0.01335,0.893267518,1,-6.227016448,-0.162835793
W748N,0.03413,0.970190797,1,-4.872815775,-0.0436596
W748F,0.2805,0.953213358,1,-1.833927324,-0.069128926
S749D,0.09188,1.363801467,1,-3.444105333,0.447633642
S749M,0.63273,1.098056787,1,-0.660338094,0.134952667
S749L,0.42162,0.934833363,1,-1.24598479,-0.097218872
I750V,,,1,,
I750G,0.07879,0.87977059,1,-3.665843655,-0.184800721
I750D,0.10757,0.798256475,1,-3.216652311,-0.325075745
I750E,0.05502,0.88863274,1,-4.18390005,-0.170340799
I750Y,0.05727,0.925336868,1,-4.126076586,-0.111949422
I875G,0.01351,5.139008808,1,-6.209828515,2.361490125
I875H,0.04191,1.413151873,1,-4.576561668,0.498916522
I875M,0.04668,0.930871862,1,-4.421051629,-0.103345506
I875Q,0.0384,0.85658488,1,-4.702749879,-0.223331883
S749E,0.226,1.256683395,1,-2.145605322,0.329621227
S749G,0.77037,0.796567068,1,-0.376376573,-0.328132258
I750M,0.54168,0.897720843,1,-0.884487271,-0.155661203
I750S,0.2509,1.043125198,1,-1.994815624,0.060912323
WT,1,1,2,0,0