site,wildtype,mutant,mutation,effect,log2effect,selection
677,A,*,A677*,0.024576,-5.3466,C6-36
677,A,A,A677A,1.0,0.0,C6-36
677,A,C,A677C,0.072354,-3.7888,C6-36
677,A,D,A677D,0.016995,-5.8787,C6-36
677,A,E,A677E,0.020952000000000002,-5.5768,C6-36
677,A,F,A677F,0.024076,-5.3762,C6-36
677,A,G,A677G,1.7459,0.80401,C6-36
677,A,H,A677H,0.023493,-5.4116,C6-36
677,A,I,A677I,0.02166,-5.5288,C6-36
677,A,K,A677K,0.063731,-3.9719,C6-36
677,A,L,A677L,0.0069146,-7.1761,C6-36
677,A,M,A677M,0.023535,-5.4091,C6-36
677,A,N,A677N,0.021577000000000002,-5.5344,C6-36
677,A,P,A677P,0.011497,-6.4426,C6-36
677,A,Q,A677Q,0.033823,-4.8858,C6-36
677,A,R,A677R,0.029075,-5.1041,C6-36
677,A,S,A677S,0.8927,-0.16376,C6-36
677,A,T,A677T,0.08880700000000001,-3.4932,C6-36
677,A,V,A677V,0.0042904,-7.8647,C6-36
677,A,W,A677W,0.015578999999999999,-6.0043,C6-36
677,A,Y,A677Y,0.02391,-5.3863,C6-36
678,H,*,H678*,0.020617,-5.6,C6-36
678,H,A,H678A,0.75498,-0.40549,C6-36
678,H,C,H678C,0.31795,-1.6531,C6-36
678,H,D,H678D,1.0567,0.079514,C6-36
678,H,E,H678E,0.9283299999999999,-0.10729000000000001,C6-36
678,H,F,H678F,0.5483899999999999,-0.8667299999999999,C6-36
678,H,G,H678G,1.4579,0.54392,C6-36
678,H,H,H678H,1.0,0.0,C6-36
678,H,I,H678I,0.10295,-3.2801,C6-36
678,H,K,H678K,0.2115,-2.2413,C6-36
678,H,L,H678L,0.27041,-1.8868,C6-36
678,H,M,H678M,0.78822,-0.34333,C6-36
678,H,N,H678N,2.1879,1.1296,C6-36
678,H,P,H678P,0.011359999999999999,-6.4598,C6-36
678,H,Q,H678Q,0.46858,-1.0936,C6-36
678,H,R,H678R,0.12300000000000001,-3.0233,C6-36
678,H,S,H678S,1.0008,0.0012135,C6-36
678,H,T,H678T,1.1001,0.13769,C6-36
678,H,V,H678V,0.73633,-0.44158000000000003,C6-36
678,H,W,H678W,0.42693000000000003,-1.2279,C6-36
678,H,Y,H678Y,0.51234,-0.9648200000000001,C6-36
679,A,*,A679*,0.026244999999999997,-5.2518,C6-36
679,A,A,A679A,1.0,0.0,C6-36
679,A,C,A679C,0.016584,-5.9141,C6-36
679,A,D,A679D,0.029120999999999998,-5.1018,C6-36
679,A,E,A679E,0.018369,-5.7666,C6-36
679,A,F,A679F,0.031442000000000005,-4.9912,C6-36
679,A,G,A679G,0.0049197,-7.6672,C6-36
679,A,H,A679H,0.031998,-4.9659,C6-36
679,A,I,A679I,0.038405,-4.7026,C6-36
679,A,K,A679K,0.029001999999999997,-5.1077,C6-36
679,A,L,A679L,0.0091053,-6.7791,C6-36
679,A,M,A679M,0.027118,-5.2046,C6-36
679,A,N,A679N,0.034020999999999996,-4.8774,C6-36
679,A,P,A679P,0.012835,-6.2838,C6-36
679,A,Q,A679Q,0.029498000000000003,-5.0832,C6-36
679,A,R,A679R,0.007558,-7.0478,C6-36
679,A,S,A679S,0.57199,-0.80594,C6-36
679,A,T,A679T,0.013093,-6.2551,C6-36
679,A,V,A679V,0.0051775,-7.5935,C6-36
679,A,W,A679W,0.018171,-5.7822,C6-36
679,A,Y,A679Y,0.029120999999999998,-5.1018,C6-36
680,L,*,L680*,0.024097999999999998,-5.375,C6-36
680,L,A,L680A,0.011243000000000001,-6.4748,C6-36
680,L,C,L680C,0.018994,-5.7183,C6-36
680,L,D,L680D,0.025023,-5.3206,C6-36
680,L,E,L680E,0.025453,-5.296,C6-36
680,L,F,L680F,0.007112899999999999,-7.1353,C6-36
680,L,G,L680G,0.0075116,-7.0567,C6-36
680,L,H,L680H,0.028787,-5.1185,C6-36
680,L,I,L680I,0.18797,-2.4115,C6-36
680,L,K,L680K,0.031976,-4.9669,C6-36
680,L,L,L680L,1.0,0.0,C6-36
680,L,M,L680M,0.023221000000000002,-5.4285,C6-36
680,L,N,L680N,0.023459999999999998,-5.4137,C6-36
680,L,P,L680P,0.035006,-4.8362,C6-36
680,L,Q,L680Q,0.02472,-5.3382,C6-36
680,L,R,L680R,0.0063155,-7.3069,C6-36
680,L,S,L680S,0.0063952,-7.2888,C6-36
680,L,T,L680T,0.014066,-6.1516,C6-36
680,L,V,L680V,0.050269,-4.3142,C6-36
680,L,W,L680W,0.020382,-5.6166,C6-36
680,L,Y,L680Y,0.02279,-5.4555,C6-36
681,R,*,R681*,0.011839,-6.4004,C6-36
681,R,A,R681A,0.24941999999999998,-2.0034,C6-36
681,R,C,R681C,0.1413,-2.8232,C6-36
681,R,D,R681D,0.021031,-5.5713,C6-36
681,R,E,R681E,0.016996,-5.8787,C6-36
681,R,F,R681F,0.039955000000000004,-4.6455,C6-36
681,R,G,R681G,0.07148,-3.8063,C6-36
681,R,H,R681H,0.25135,-1.9923,C6-36
681,R,I,R681I,0.13807,-2.8565,C6-36
681,R,K,R681K,0.5848899999999999,-0.77377,C6-36
681,R,L,R681L,0.014619,-6.096,C6-36
681,R,M,R681M,0.025516,-5.2925,C6-36
681,R,N,R681N,0.18525,-2.4325,C6-36
681,R,P,R681P,0.010269,-6.6056,C6-36
681,R,Q,R681Q,0.37892,-1.4,C6-36
681,R,R,R681R,1.0,0.0,C6-36
681,R,S,R681S,0.2609,-1.9384,C6-36
681,R,T,R681T,0.44785,-1.1589,C6-36
681,R,V,R681V,0.22004,-2.1841,C6-36
681,R,W,R681W,0.031659,-4.9812,C6-36
681,R,Y,R681Y,0.38299999999999995,-1.3846,C6-36
682,F,*,F682*,0.011895999999999999,-6.3934,C6-36
682,F,A,F682A,0.006060899999999999,-7.3662,C6-36
682,F,C,F682C,0.0091126,-6.7779,C6-36
682,F,D,F682D,0.008717,-6.8419,C6-36
682,F,E,F682E,0.013634,-6.1967,C6-36
682,F,F,F682F,1.0,0.0,C6-36
682,F,G,F682G,0.0043091,-7.8584,C6-36
682,F,H,F682H,0.017081,-5.8715,C6-36
682,F,I,F682I,0.0094517,-6.7252,C6-36
682,F,K,F682K,0.016205,-5.9474,C6-36
682,F,L,F682L,0.09535,-3.3906,C6-36
682,F,M,F682M,0.016092,-5.9575,C6-36
682,F,N,F682N,0.012701,-6.2989,C6-36
682,F,P,F682P,0.0087029,-6.8443,C6-36
682,F,Q,F682Q,0.019624000000000003,-5.6712,C6-36
682,F,R,F682R,0.0041678,-7.9065,C6-36
682,F,S,F682S,0.032297,-4.9525,C6-36
682,F,T,F682T,0.0063576,-7.2973,C6-36
682,F,V,F682V,0.0038005,-8.0396,C6-36
682,F,W,F682W,0.086421,-3.5325,C6-36
682,F,Y,F682Y,0.030826999999999997,-5.0196,C6-36
683,L,*,L683*,0.014788999999999998,-6.0794,C6-36
683,L,A,L683A,0.0075848,-7.0427,C6-36
683,L,C,L683C,0.012320999999999999,-6.3428,C6-36
683,L,D,L683D,0.019742,-5.6626,C6-36
683,L,E,L683E,0.012793,-6.2885,C6-36
683,L,F,L683F,0.012067,-6.3728,C6-36
683,L,G,L683G,0.0049174,-7.6679,C6-36
683,L,H,L683H,0.025730000000000003,-5.2804,C6-36
683,L,I,L683I,0.17879,-2.4837,C6-36
683,L,K,L683K,0.017746,-5.8163,C6-36
683,L,L,L683L,1.0,0.0,C6-36
683,L,M,L683M,0.24436999999999998,-2.0329,C6-36
683,L,N,L683N,0.025476,-5.2947,C6-36
683,L,P,L683P,0.013428,-6.2186,C6-36
683,L,Q,L683Q,0.016947999999999998,-5.8827,C6-36
683,L,R,L683R,0.004881100000000001,-7.6786,C6-36
683,L,S,L683S,0.13777999999999999,-2.8596,C6-36
683,L,T,L683T,0.011776,-6.4079999999999995,C6-36
683,L,V,L683V,0.027962,-5.1604,C6-36
683,L,W,L683W,0.0083651,-6.9014,C6-36
683,L,Y,L683Y,0.017093,-5.8704,C6-36
684,N,*,N684*,0.017059,-5.8734,C6-36
684,N,A,N684A,0.009512399999999999,-6.716,C6-36
684,N,C,N684C,0.020541999999999998,-5.6053,C6-36
684,N,D,N684D,0.44793999999999995,-1.1586,C6-36
684,N,E,N684E,0.017115000000000002,-5.8686,C6-36
684,N,F,N684F,0.027901,-5.1636,C6-36
684,N,G,N684G,0.0066286999999999995,-7.2371,C6-36
684,N,H,N684H,0.042787,-4.5467,C6-36
684,N,I,N684I,0.030279,-5.0456,C6-36
684,N,K,N684K,0.01792,-5.8023,C6-36
684,N,L,N684L,0.0067972,-7.2008,C6-36
684,N,M,N684M,0.017677000000000002,-5.822,C6-36
684,N,N,N684N,1.0,0.0,C6-36
684,N,P,N684P,0.01146,-6.4473,C6-36
684,N,Q,N684Q,0.020279,-5.6238,C6-36
684,N,R,N684R,0.0072654,-7.1047,C6-36
684,N,S,N684S,0.10668,-3.2287,C6-36
684,N,T,N684T,0.013744,-6.185,C6-36
684,N,V,N684V,0.0071343000000000005,-7.131,C6-36
684,N,W,N684W,0.013725999999999999,-6.187,C6-36
684,N,Y,N684Y,0.030054,-5.0563,C6-36
685,D,*,D685*,0.014999,-6.059,C6-36
685,D,A,D685A,0.007453399999999999,-7.0679,C6-36
685,D,C,D685C,0.014631,-6.0948,C6-36
685,D,D,D685D,1.0,0.0,C6-36
685,D,E,D685E,0.031729,-4.978,C6-36
685,D,F,D685F,0.016875,-5.888999999999999,C6-36
685,D,G,D685G,0.0020602,-8.923,C6-36
685,D,H,D685H,0.020784999999999998,-5.5883,C6-36
685,D,I,D685I,0.020077,-5.6383,C6-36
685,D,K,D685K,0.019224,-5.7010000000000005,C6-36
685,D,L,D685L,0.0060887,-7.3597,C6-36
685,D,M,D685M,0.013595,-6.2008,C6-36
685,D,N,D685N,0.055087,-4.1821,C6-36
685,D,P,D685P,0.010642,-6.5541,C6-36
685,D,Q,D685Q,0.019381,-5.6892,C6-36
685,D,R,D685R,0.0056163,-7.4762,C6-36
685,D,S,D685S,0.0060624,-7.3659,C6-36
685,D,T,D685T,0.009172399999999999,-6.7685,C6-36
685,D,V,D685V,0.0077683000000000006,-7.0082,C6-36
685,D,W,D685W,0.013043,-6.2605,C6-36
685,D,Y,D685Y,0.017925,-5.8019,C6-36
686,M,*,M686*,0.019129,-5.7081,C6-36
686,M,A,M686A,0.011363,-6.4595,C6-36
686,M,C,M686C,0.020423,-5.6136,C6-36
686,M,D,M686D,0.026945,-5.2138,C6-36
686,M,E,M686E,0.017868000000000002,-5.8065,C6-36
686,M,F,M686F,0.023852,-5.3897,C6-36
686,M,G,M686G,0.0058496,-7.4174,C6-36
686,M,H,M686H,0.032728,-4.9333,C6-36
686,M,I,M686I,0.16463,-2.6027,C6-36
686,M,K,M686K,0.023634,-5.403,C6-36
686,M,L,M686L,0.022508,-5.4734,C6-36
686,M,M,M686M,1.0,0.0,C6-36
686,M,N,M686N,0.026877999999999996,-5.2174,C6-36
686,M,P,M686P,0.015027,-6.0563,C6-36
686,M,Q,M686Q,0.020675,-5.5959,C6-36
686,M,R,M686R,0.012556999999999999,-6.3154,C6-36
686,M,S,M686S,0.0081357,-6.9415,C6-36
686,M,T,M686T,0.0044208,-7.8215,C6-36
686,M,V,M686V,0.18332,-2.4475,C6-36
686,M,W,M686W,0.012691,-6.3001,C6-36
686,M,Y,M686Y,0.028273000000000003,-5.1444,C6-36
687,G,*,G687*,0.016136,-5.9536,C6-36
687,G,A,G687A,0.14062,-2.8302,C6-36
687,G,C,G687C,0.01936,-5.6908,C6-36
687,G,D,G687D,0.01955,-5.6767,C6-36
687,G,E,G687E,0.031318,-4.9968,C6-36
687,G,F,G687F,0.026108999999999997,-5.2593,C6-36
687,G,G,G687G,1.0,0.0,C6-36
687,G,H,G687H,0.028808999999999998,-5.1173,C6-36
687,G,I,G687I,0.029349,-5.0905,C6-36
687,G,K,G687K,0.023854,-5.3896,C6-36
687,G,L,G687L,0.006702,-7.2212,C6-36
687,G,M,G687M,0.026284,-5.2497,C6-36
687,G,N,G687N,0.034987,-4.837,C6-36
687,G,P,G687P,0.010831,-6.5287,C6-36
687,G,Q,G687Q,0.022838,-5.4524,C6-36
687,G,R,G687R,0.021821,-5.5181,C6-36
687,G,S,G687S,0.070911,-3.8178,C6-36
687,G,T,G687T,0.012546,-6.3166,C6-36
687,G,V,G687V,0.0079408,-6.9765,C6-36
687,G,W,G687W,0.013212999999999999,-6.2418,C6-36
687,G,Y,G687Y,0.025013,-5.3211,C6-36
688,K,*,K688*,0.020206000000000002,-5.6291,C6-36
688,K,A,K688A,0.010015000000000001,-6.6417,C6-36
688,K,C,K688C,0.019163,-5.7055,C6-36
688,K,D,K688D,0.021689,-5.5269,C6-36
688,K,E,K688E,0.039399,-4.6657,C6-36
688,K,F,K688F,0.029105000000000002,-5.1026,C6-36
688,K,G,K688G,0.005727,-7.4479999999999995,C6-36
688,K,H,K688H,0.026212,-5.2536,C6-36
688,K,I,K688I,0.043642,-4.5181,C6-36
688,K,K,K688K,1.0,0.0,C6-36
688,K,L,K688L,0.006593300000000001,-7.2448,C6-36
688,K,M,K688M,0.021483000000000002,-5.5406,C6-36
688,K,N,K688N,0.044552999999999995,-4.4883,C6-36
688,K,P,K688P,0.013451,-6.2161,C6-36
688,K,Q,K688Q,0.056227,-4.1526,C6-36
688,K,R,K688R,0.031924,-4.9692,C6-36
688,K,S,K688S,0.008972200000000001,-6.8003,C6-36
688,K,T,K688T,0.019339,-5.6923,C6-36
688,K,V,K688V,0.008517,-6.8754,C6-36
688,K,W,K688W,0.012922,-6.274,C6-36
688,K,Y,K688Y,0.029325,-5.0917,C6-36
689,V,*,V689*,0.015184999999999999,-6.0412,C6-36
689,V,A,V689A,0.13433,-2.8962,C6-36
689,V,C,V689C,0.10115,-3.3054,C6-36
689,V,D,V689D,0.013625,-6.1976,C6-36
689,V,E,V689E,0.012793,-6.2885,C6-36
689,V,F,V689F,0.016069,-5.9595,C6-36
689,V,G,V689G,0.0035883000000000004,-8.1225,C6-36
689,V,H,V689H,0.026001999999999997,-5.2652,C6-36
689,V,I,V689I,0.27260999999999996,-1.8751,C6-36
689,V,K,V689K,0.01867,-5.7432,C6-36
689,V,L,V689L,0.064278,-3.9595,C6-36
689,V,M,V689M,0.016746,-5.9001,C6-36
689,V,N,V689N,0.024078,-5.3761,C6-36
689,V,P,V689P,0.010245,-6.6089,C6-36
689,V,Q,V689Q,0.021322,-5.5515,C6-36
689,V,R,V689R,0.0046803999999999995,-7.7391,C6-36
689,V,S,V689S,0.052213,-4.2595,C6-36
689,V,T,V689T,3.3622,1.7494,C6-36
689,V,V,V689V,1.0,0.0,C6-36
689,V,W,V689W,0.012481,-6.3241,C6-36
689,V,Y,V689Y,0.018202,-5.7798,C6-36
690,R,*,R690*,0.021937,-5.5105,C6-36
690,R,A,R690A,0.011723,-6.4145,C6-36
690,R,C,R690C,0.023788999999999998,-5.3935,C6-36
690,R,D,R690D,0.027089999999999996,-5.2061,C6-36
690,R,E,R690E,0.024327,-5.3613,C6-36
690,R,F,R690F,0.027911000000000002,-5.162999999999999,C6-36
690,R,G,R690G,0.05064,-4.3036,C6-36
690,R,H,R690H,0.043651,-4.5178,C6-36
690,R,I,R690I,0.034512,-4.8568,C6-36
690,R,K,R690K,0.011469,-6.4461,C6-36
690,R,L,R690L,0.0085271,-6.8737,C6-36
690,R,M,R690M,0.03929,-4.6697,C6-36
690,R,N,R690N,0.038618,-4.6946,C6-36
690,R,P,R690P,0.016472,-5.9239,C6-36
690,R,Q,R690Q,0.035199,-4.8283,C6-36
690,R,R,R690R,1.0,0.0,C6-36
690,R,S,R690S,0.007631100000000001,-7.0339,C6-36
690,R,T,R690T,0.016367,-5.933,C6-36
690,R,V,R690V,0.008736200000000001,-6.8388,C6-36
690,R,W,R690W,0.013216,-6.2415,C6-36
690,R,Y,R690Y,0.032242,-4.9549,C6-36
691,K,*,K691*,0.023791,-5.3935,C6-36
691,K,A,K691A,0.010218000000000001,-6.6128,C6-36
691,K,C,K691C,0.023866,-5.3889,C6-36
691,K,D,K691D,0.026652999999999996,-5.2296,C6-36
691,K,E,K691E,0.27254,-1.8755,C6-36
691,K,F,K691F,0.025497,-5.2935,C6-36
691,K,G,K691G,0.0057439,-7.4438,C6-36
691,K,H,K691H,0.027714999999999997,-5.1732,C6-36
691,K,I,K691I,0.037818,-4.7248,C6-36
691,K,K,K691K,1.0,0.0,C6-36
691,K,L,K691L,0.00745,-7.0686,C6-36
691,K,M,K691M,0.018502,-5.7562,C6-36
691,K,N,K691N,0.09451799999999999,-3.4033,C6-36
691,K,P,K691P,0.011545,-6.4366,C6-36
691,K,Q,K691Q,0.066291,-3.915,C6-36
691,K,R,K691R,0.17218,-2.5380000000000003,C6-36
691,K,S,K691S,0.008758,-6.8352,C6-36
691,K,T,K691T,0.014634999999999999,-6.0945,C6-36
691,K,V,K691V,0.0076395,-7.0323,C6-36
691,K,W,K691W,0.011886,-6.3946,C6-36
691,K,Y,K691Y,0.028416000000000004,-5.1372,C6-36
692,D,*,D692*,0.019257,-5.6985,C6-36
692,D,A,D692A,0.10171000000000001,-3.2974,C6-36
692,D,C,D692C,0.020608,-5.6007,C6-36
692,D,D,D692D,1.0,0.0,C6-36
692,D,E,D692E,0.11542000000000001,-3.1151,C6-36
692,D,F,D692F,0.09726599999999999,-3.3619,C6-36
692,D,G,D692G,0.37018,-1.4337,C6-36
692,D,H,D692H,0.1401,-2.8354,C6-36
692,D,I,D692I,0.023457,-5.4138,C6-36
692,D,K,D692K,0.024513,-5.3503,C6-36
692,D,L,D692L,0.010242,-6.6093,C6-36
692,D,M,D692M,0.020215,-5.6285,C6-36
692,D,N,D692N,0.20993,-2.252,C6-36
692,D,P,D692P,0.013803999999999999,-6.1788,C6-36
692,D,Q,D692Q,0.05217,-4.2606,C6-36
692,D,R,D692R,0.0054773999999999995,-7.5123,C6-36
692,D,S,D692S,0.049665,-4.3316,C6-36
692,D,T,D692T,0.029573000000000002,-5.0796,C6-36
692,D,V,D692V,0.006091399999999999,-7.359,C6-36
692,D,W,D692W,0.09427,-3.4071,C6-36
692,D,Y,D692Y,0.052316999999999995,-4.2566,C6-36
693,T,*,T693*,0.030961000000000002,-5.0134,C6-36
693,T,A,T693A,0.27111,-1.8831,C6-36
693,T,C,T693C,1.3279,0.40915,C6-36
693,T,D,T693D,0.029151999999999997,-5.1003,C6-36
693,T,E,T693E,0.069461,-3.8476,C6-36
693,T,F,T693F,0.058102,-4.1053,C6-36
693,T,G,T693G,0.0077402,-7.0134,C6-36
693,T,H,T693H,0.8668100000000001,-0.20622,C6-36
693,T,I,T693I,1.3659999999999999,0.44996,C6-36
693,T,K,T693K,0.23412,-2.0947,C6-36
693,T,L,T693L,1.1326,0.17962999999999998,C6-36
693,T,M,T693M,0.49548000000000003,-1.0131,C6-36
693,T,N,T693N,0.15650999999999998,-2.6756,C6-36
693,T,P,T693P,0.018999000000000002,-5.7179,C6-36
693,T,Q,T693Q,0.634,-0.65745,C6-36
693,T,R,T693R,0.13802,-2.8571,C6-36
693,T,S,T693S,0.36158,-1.4676,C6-36
693,T,T,T693T,1.0,0.0,C6-36
693,T,V,T693V,1.7923,0.84183,C6-36
693,T,W,T693W,0.028247,-5.1458,C6-36
693,T,Y,T693Y,0.033273000000000004,-4.9095,C6-36
694,Q,*,Q694*,0.15606,-2.6799,C6-36
694,Q,A,Q694A,0.55702,-0.84419,C6-36
694,Q,C,Q694C,0.3497,-1.5158,C6-36
694,Q,D,Q694D,0.11282,-3.1478,C6-36
694,Q,E,Q694E,0.09018999999999999,-3.4709,C6-36
694,Q,F,Q694F,0.050332,-4.3124,C6-36
694,Q,G,Q694G,1.3164,0.39662,C6-36
694,Q,H,Q694H,0.18642999999999998,-2.4233,C6-36
694,Q,I,Q694I,0.033748,-4.888999999999999,C6-36
694,Q,K,Q694K,0.023216999999999998,-5.4287,C6-36
694,Q,L,Q694L,0.4403,-1.1834,C6-36
694,Q,M,Q694M,0.73414,-0.44586000000000003,C6-36
694,Q,N,Q694N,0.30944,-1.6923,C6-36
694,Q,P,Q694P,0.25706999999999997,-1.9598,C6-36
694,Q,Q,Q694Q,1.0,0.0,C6-36
694,Q,R,Q694R,0.0030256999999999997,-8.3685,C6-36
694,Q,S,Q694S,0.074421,-3.7481,C6-36
694,Q,T,Q694T,0.03241,-4.9474,C6-36
694,Q,V,Q694V,0.019667,-5.6681,C6-36
694,Q,W,Q694W,0.022053,-5.5029,C6-36
694,Q,Y,Q694Y,0.050099,-4.3191,C6-36
695,E,*,E695*,0.019259000000000002,-5.6983,C6-36
695,E,A,E695A,0.009438799999999999,-6.7272,C6-36
695,E,C,E695C,0.03028,-5.0455,C6-36
695,E,D,E695D,0.023377000000000002,-5.4188,C6-36
695,E,E,E695E,1.0,0.0,C6-36
695,E,F,E695F,0.05254400000000001,-4.2503,C6-36
695,E,G,E695G,0.0022131,-8.8197,C6-36
695,E,H,E695H,0.046432,-4.4287,C6-36
695,E,I,E695I,0.049818,-4.3272,C6-36
695,E,K,E695K,0.01599,-5.9667,C6-36
695,E,L,E695L,0.0073429,-7.0894,C6-36
695,E,M,E695M,0.022498,-5.4741,C6-36
695,E,N,E695N,0.04929,-4.3426,C6-36
695,E,P,E695P,0.014715,-6.0866,C6-36
695,E,Q,E695Q,0.023348,-5.4206,C6-36
695,E,R,E695R,0.0078852,-6.9866,C6-36
695,E,S,E695S,0.010406,-6.5864,C6-36
695,E,T,E695T,0.01429,-6.1288,C6-36
695,E,V,E695V,0.007592100000000001,-7.0413,C6-36
695,E,W,E695W,0.015507,-6.011,C6-36
695,E,Y,E695Y,0.043413,-4.5257,C6-36
696,W,*,W696*,0.0057063999999999995,-7.4532,C6-36
696,W,A,W696A,0.010011,-6.6422,C6-36
696,W,C,W696C,0.01709,-5.8707,C6-36
696,W,D,W696D,0.024327,-5.3613,C6-36
696,W,E,W696E,0.015646,-5.9981,C6-36
696,W,F,W696F,0.025271000000000002,-5.3064,C6-36
696,W,G,W696G,0.0092818,-6.7514,C6-36
696,W,H,W696H,0.041217000000000004,-4.6006,C6-36
696,W,I,W696I,0.035854000000000004,-4.8017,C6-36
696,W,K,W696K,0.029189999999999997,-5.0984,C6-36
696,W,L,W696L,0.006307,-7.3088,C6-36
696,W,M,W696M,0.022625,-5.4659,C6-36
696,W,N,W696N,0.046452,-4.4281,C6-36
696,W,P,W696P,0.015918,-5.9732,C6-36
696,W,Q,W696Q,0.026543999999999998,-5.2355,C6-36
696,W,R,W696R,0.036441,-4.7783,C6-36
696,W,S,W696S,0.010354,-6.5936,C6-36
696,W,T,W696T,0.016503999999999998,-5.921,C6-36
696,W,V,W696V,0.008438,-6.8889,C6-36
696,W,W,W696W,1.0,0.0,C6-36
696,W,Y,W696Y,0.026987,-5.2116,C6-36
697,K,*,K697*,0.030672,-5.0269,C6-36
697,K,A,K697A,1.0941,0.12978,C6-36
697,K,C,K697C,0.97124,-0.042102,C6-36
697,K,D,K697D,0.054404999999999995,-4.2001,C6-36
697,K,E,K697E,0.18413,-2.4412,C6-36
697,K,F,K697F,0.26006,-1.9431,C6-36
697,K,G,K697G,0.69972,-0.51515,C6-36
697,K,H,K697H,1.1135,0.15515,C6-36
697,K,I,K697I,0.041632999999999996,-4.5861,C6-36
697,K,K,K697K,1.0,0.0,C6-36
697,K,L,K697L,0.27454,-1.8649,C6-36
697,K,M,K697M,0.38848,-1.3641,C6-36
697,K,N,K697N,0.7883100000000001,-0.34315999999999997,C6-36
697,K,P,K697P,0.024135,-5.3727,C6-36
697,K,Q,K697Q,0.37861999999999996,-1.4012,C6-36
697,K,R,K697R,0.49336,-1.0193,C6-36
697,K,S,K697S,0.95424,-0.06757,C6-36
697,K,T,K697T,0.28820999999999997,-1.7948,C6-36
697,K,V,K697V,0.13777,-2.8597,C6-36
697,K,W,K697W,0.083367,-3.5844,C6-36
697,K,Y,K697Y,0.79576,-0.3296,C6-36
698,P,*,P698*,0.022961000000000002,-5.4447,C6-36
698,P,A,P698A,0.7460600000000001,-0.42263999999999996,C6-36
698,P,C,P698C,0.15136,-2.7239999999999998,C6-36
698,P,D,P698D,0.16053,-2.6391,C6-36
698,P,E,P698E,0.51991,-0.94368,C6-36
698,P,F,P698F,0.019583,-5.6742,C6-36
698,P,G,P698G,0.13166,-2.9252,C6-36
698,P,H,P698H,0.12011,-3.0575,C6-36
698,P,I,P698I,0.022438,-5.4779,C6-36
698,P,K,P698K,0.071699,-3.8019,C6-36
698,P,L,P698L,0.004423399999999999,-7.8206,C6-36
698,P,M,P698M,0.083682,-3.5789,C6-36
698,P,N,P698N,0.12289000000000001,-3.0246,C6-36
698,P,P,P698P,1.0,0.0,C6-36
698,P,Q,P698Q,0.45613000000000004,-1.1325,C6-36
698,P,R,P698R,0.026982,-5.2118,C6-36
698,P,S,P698S,0.31,-1.6897,C6-36
698,P,T,P698T,0.007962,-6.9726,C6-36
698,P,V,P698V,0.014677,-6.0903,C6-36
698,P,W,P698W,0.012345,-6.3399,C6-36
698,P,Y,P698Y,0.015884,-5.9763,C6-36
699,S,*,S699*,0.033038,-4.9197,C6-36
699,S,A,S699A,0.0395,-4.662,C6-36
699,S,C,S699C,0.022458000000000002,-5.4766,C6-36
699,S,D,S699D,0.023883,-5.3878,C6-36
699,S,E,S699E,0.011909999999999999,-6.3917,C6-36
699,S,F,S699F,0.029886000000000003,-5.0644,C6-36
699,S,G,S699G,0.0075863,-7.0424,C6-36
699,S,H,S699H,0.037963,-4.7193,C6-36
699,S,I,S699I,0.051045,-4.2921,C6-36
699,S,K,S699K,0.022696,-5.4614,C6-36
699,S,L,S699L,0.0049731,-7.6516,C6-36
699,S,M,S699M,0.022743,-5.4584,C6-36
699,S,N,S699N,0.040054,-4.6419,C6-36
699,S,P,S699P,0.11554,-3.1136,C6-36
699,S,Q,S699Q,0.028175,-5.1494,C6-36
699,S,R,S699R,0.0064459999999999995,-7.2774,C6-36
699,S,S,S699S,1.0,0.0,C6-36
699,S,T,S699T,0.037425,-4.7399,C6-36
699,S,V,S699V,0.0084416,-6.8883,C6-36
699,S,W,S699W,0.013066,-6.257999999999999,C6-36
699,S,Y,S699Y,0.02694,-5.2141,C6-36
700,T,*,T700*,0.041756,-4.5819,C6-36
700,T,A,T700A,0.74731,-0.42022,C6-36
700,T,C,T700C,0.9292600000000001,-0.10585,C6-36
700,T,D,T700D,0.029416,-5.0873,C6-36
700,T,E,T700E,0.032429,-4.9466,C6-36
700,T,F,T700F,0.56077,-0.83452,C6-36
700,T,G,T700G,0.28053,-1.8338,C6-36
700,T,H,T700H,0.99641,-0.0051847,C6-36
700,T,I,T700I,1.0537,0.075418,C6-36
700,T,K,T700K,0.38772,-1.3669,C6-36
700,T,L,T700L,1.1751,0.23274,C6-36
700,T,M,T700M,0.96757,-0.047561,C6-36
700,T,N,T700N,1.1202,0.16382,C6-36
700,T,P,T700P,0.8199200000000001,-0.28645,C6-36
700,T,Q,T700Q,1.365,0.44895,C6-36
700,T,R,T700R,0.36088000000000003,-1.4704,C6-36
700,T,S,T700S,0.4576,-1.1278,C6-36
700,T,T,T700T,1.0,0.0,C6-36
700,T,V,T700V,1.2944,0.37234,C6-36
700,T,W,T700W,0.16688,-2.5831,C6-36
700,T,Y,T700Y,0.56263,-0.82973,C6-36
701,G,*,G701*,0.071825,-3.7994,C6-36
701,G,A,G701A,0.10417,-3.263,C6-36
701,G,C,G701C,0.024552,-5.348,C6-36
701,G,D,G701D,0.032119999999999996,-4.9604,C6-36
701,G,E,G701E,0.0077930000000000004,-7.0036,C6-36
701,G,F,G701F,0.02738,-5.1907,C6-36
701,G,G,G701G,1.0,0.0,C6-36
701,G,H,G701H,0.030931,-5.0148,C6-36
701,G,I,G701I,0.031814999999999996,-4.9742,C6-36
701,G,K,G701K,0.025693,-5.2825,C6-36
701,G,L,G701L,0.0089178,-6.8091,C6-36
701,G,M,G701M,0.022415,-5.4794,C6-36
701,G,N,G701N,0.027620999999999996,-5.1781,C6-36
701,G,P,G701P,0.018671,-5.742999999999999,C6-36
701,G,Q,G701Q,0.028649,-5.1253,C6-36
701,G,R,G701R,0.018559,-5.7518,C6-36
701,G,S,G701S,0.040764999999999996,-4.6165,C6-36
701,G,T,G701T,0.014879,-6.0706,C6-36
701,G,V,G701V,0.020471,-5.6103,C6-36
701,G,W,G701W,0.018655,-5.7443,C6-36
701,G,Y,G701Y,0.030931,-5.0148,C6-36
702,W,*,W702*,0.0057344,-7.4461,C6-36
702,W,A,W702A,0.024471,-5.3528,C6-36
702,W,C,W702C,0.20939000000000002,-2.2557,C6-36
702,W,D,W702D,0.024584,-5.3461,C6-36
702,W,E,W702E,0.021405,-5.5459,C6-36
702,W,F,W702F,1.0070000000000001,0.010121,C6-36
702,W,G,W702G,0.020553000000000002,-5.6045,C6-36
702,W,H,W702H,0.32925,-1.6028,C6-36
702,W,I,W702I,0.40321999999999997,-1.3103,C6-36
702,W,K,W702K,0.030262,-5.0464,C6-36
702,W,L,W702L,0.25203000000000003,-1.9883,C6-36
702,W,M,W702M,0.37472,-1.4161,C6-36
702,W,N,W702N,0.02924,-5.0959,C6-36
702,W,P,W702P,0.012548,-6.3165,C6-36
702,W,Q,W702Q,0.056776,-4.1386,C6-36
702,W,R,W702R,0.047465,-4.397,C6-36
702,W,S,W702S,0.028899,-5.1128,C6-36
702,W,T,W702T,0.070743,-3.8213,C6-36
702,W,V,W702V,0.36933,-1.4369999999999998,C6-36
702,W,W,W702W,1.0,0.0,C6-36
702,W,Y,W702Y,1.36,0.44356999999999996,C6-36
703,S,*,S703*,0.022782,-5.4559,C6-36
703,S,A,S703A,0.89315,-0.16303,C6-36
703,S,C,S703C,1.27,0.34478000000000003,C6-36
703,S,D,S703D,1.6052,0.68279,C6-36
703,S,E,S703E,0.9100799999999999,-0.13593,C6-36
703,S,F,S703F,1.021,0.029937000000000002,C6-36
703,S,G,S703G,0.71492,-0.48415,C6-36
703,S,H,S703H,1.5657,0.64683,C6-36
703,S,I,S703I,1.281,0.35731999999999997,C6-36
703,S,K,S703K,0.033266000000000004,-4.9098,C6-36
703,S,L,S703L,0.98972,-0.014911,C6-36
703,S,M,S703M,0.9350799999999999,-0.096837,C6-36
703,S,N,S703N,1.2137,0.27942,C6-36
703,S,P,S703P,0.31129,-1.6837,C6-36
703,S,Q,S703Q,2.0159,1.0114,C6-36
703,S,R,S703R,0.56915,-0.81311,C6-36
703,S,S,S703S,1.0,0.0,C6-36
703,S,T,S703T,1.0534,0.07509099999999999,C6-36
703,S,V,S703V,1.003,0.004356399999999999,C6-36
703,S,W,S703W,0.49032,-1.0282,C6-36
703,S,Y,S703Y,1.2625,0.33628,C6-36
704,N,*,N704*,0.013498,-6.2111,C6-36
704,N,A,N704A,0.061665,-4.0194,C6-36
704,N,C,N704C,0.091574,-3.4489,C6-36
704,N,D,N704D,0.49357,-1.0187,C6-36
704,N,E,N704E,0.12410999999999998,-3.0103,C6-36
704,N,F,N704F,0.082445,-3.6004,C6-36
704,N,G,N704G,0.031721,-4.9784,C6-36
704,N,H,N704H,0.25167,-1.9904,C6-36
704,N,I,N704I,0.036445,-4.7781,C6-36
704,N,K,N704K,0.013747,-6.1848,C6-36
704,N,L,N704L,0.022627,-5.4658,C6-36
704,N,M,N704M,0.013924,-6.1662,C6-36
704,N,N,N704N,1.0,0.0,C6-36
704,N,P,N704P,0.012965,-6.2692,C6-36
704,N,Q,N704Q,0.20773000000000003,-2.2672,C6-36
704,N,R,N704R,0.039642000000000004,-4.6568,C6-36
704,N,S,N704S,0.8015800000000001,-0.31909,C6-36
704,N,T,N704T,0.090296,-3.4692,C6-36
704,N,V,N704V,0.024687,-5.3401,C6-36
704,N,W,N704W,0.064791,-3.9481,C6-36
704,N,Y,N704Y,0.073529,-3.7655,C6-36
705,W,*,W705*,0.059785000000000005,-4.0641,C6-36
705,W,A,W705A,0.0084052,-6.8945,C6-36
705,W,C,W705C,0.01511,-6.0484,C6-36
705,W,D,W705D,0.020713,-5.5933,C6-36
705,W,E,W705E,0.011318,-6.4652,C6-36
705,W,F,W705F,0.019556,-5.6762,C6-36
705,W,G,W705G,0.0060217,-7.3756,C6-36
705,W,H,W705H,0.036282999999999996,-4.7846,C6-36
705,W,I,W705I,0.023362,-5.4197,C6-36
705,W,K,W705K,0.018872999999999997,-5.7275,C6-36
705,W,L,W705L,0.0054361999999999995,-7.5232,C6-36
705,W,M,W705M,0.014343,-6.1235,C6-36
705,W,N,W705N,0.034137,-4.8725,C6-36
705,W,P,W705P,0.014580000000000001,-6.0998,C6-36
705,W,Q,W705Q,0.018887,-5.7264,C6-36
705,W,R,W705R,0.038695,-4.6917,C6-36
705,W,S,W705S,0.0061332,-7.3492,C6-36
705,W,T,W705T,0.013577,-6.2027,C6-36
705,W,V,W705V,0.006077399999999999,-7.3623,C6-36
705,W,W,W705W,1.0,0.0,C6-36
705,W,Y,W705Y,0.022595,-5.4678,C6-36
706,E,*,E706*,0.049217000000000004,-4.3447,C6-36
706,E,A,E706A,0.029986000000000002,-5.0596,C6-36
706,E,C,E706C,0.04028,-4.6338,C6-36
706,E,D,E706D,0.12829000000000002,-2.9625,C6-36
706,E,E,E706E,1.0,0.0,C6-36
706,E,F,E706F,0.040757999999999996,-4.6168,C6-36
706,E,G,E706G,0.092214,-3.4389,C6-36
706,E,H,E706H,0.060815,-4.0394,C6-36
706,E,I,E706I,0.045694,-4.4519,C6-36
706,E,K,E706K,0.013121,-6.252000000000001,C6-36
706,E,L,E706L,0.012736,-6.295,C6-36
706,E,M,E706M,0.029894,-5.064,C6-36
706,E,N,E706N,0.046702999999999995,-4.4203,C6-36
706,E,P,E706P,0.020168000000000002,-5.6318,C6-36
706,E,Q,E706Q,0.07276200000000001,-3.7807,C6-36
706,E,R,E706R,0.009689299999999998,-6.6894,C6-36
706,E,S,E706S,0.016516,-5.92,C6-36
706,E,T,E706T,0.031068000000000002,-5.0084,C6-36
706,E,V,E706V,0.011084,-6.4954,C6-36
706,E,W,E706W,0.042611,-4.5526,C6-36
706,E,Y,E706Y,0.041527999999999995,-4.5898,C6-36
707,E,*,E707*,0.041147,-4.6031,C6-36
707,E,A,E707A,0.11008,-3.1834,C6-36
707,E,C,E707C,0.054615,-4.1946,C6-36
707,E,D,E707D,0.39682,-1.3334,C6-36
707,E,E,E707E,1.0,0.0,C6-36
707,E,F,E707F,0.056594000000000005,-4.1432,C6-36
707,E,G,E707G,0.13658,-2.8722,C6-36
707,E,H,E707H,0.091033,-3.4575,C6-36
707,E,I,E707I,0.051273,-4.2856,C6-36
707,E,K,E707K,0.083811,-3.5767,C6-36
707,E,L,E707L,0.014444,-6.1134,C6-36
707,E,M,E707M,0.047547000000000006,-4.3945,C6-36
707,E,N,E707N,0.11499000000000001,-3.1205,C6-36
707,E,P,E707P,0.019893,-5.6516,C6-36
707,E,Q,E707Q,0.05934400000000001,-4.0748,C6-36
707,E,R,E707R,0.012799,-6.2878,C6-36
707,E,S,E707S,0.078465,-3.6718,C6-36
707,E,T,E707T,0.050323,-4.3127,C6-36
707,E,V,E707V,0.0385,-4.699,C6-36
707,E,W,E707W,0.056001999999999996,-4.1584,C6-36
707,E,Y,E707Y,0.055848,-4.1623,C6-36
708,V,*,V708*,0.030309,-5.0441,C6-36
708,V,A,V708A,0.08140399999999999,-3.6188,C6-36
708,V,C,V708C,0.020522,-5.6067,C6-36
708,V,D,V708D,0.041201999999999996,-4.6011,C6-36
708,V,E,V708E,0.025293,-5.3051,C6-36
708,V,F,V708F,0.023241,-5.4272,C6-36
708,V,G,V708G,0.0059812,-7.3854,C6-36
708,V,H,V708H,0.041974000000000004,-4.5744,C6-36
708,V,I,V708I,0.15391,-2.6998,C6-36
708,V,K,V708K,0.040588,-4.6228,C6-36
708,V,L,V708L,0.012366,-6.3375,C6-36
708,V,M,V708M,0.036782,-4.7649,C6-36
708,V,N,V708N,0.028836,-5.1160000000000005,C6-36
708,V,P,V708P,0.016628,-5.9102,C6-36
708,V,Q,V708Q,0.054988,-4.1847,C6-36
708,V,R,V708R,0.011699,-6.4174,C6-36
708,V,S,V708S,0.0090858,-6.7822,C6-36
708,V,T,V708T,0.07116,-3.8128,C6-36
708,V,V,V708V,1.0,0.0,C6-36
708,V,W,V708W,0.022381,-5.4816,C6-36
708,V,Y,V708Y,0.025661,-5.2843,C6-36
709,P,*,P709*,0.017795,-5.8124,C6-36
709,P,A,P709A,0.042464,-4.5576,C6-36
709,P,C,P709C,0.027045999999999997,-5.2084,C6-36
709,P,D,P709D,0.034936,-4.8391,C6-36
709,P,E,P709E,0.072525,-3.7854,C6-36
709,P,F,P709F,0.058072000000000006,-4.106,C6-36
709,P,G,P709G,0.016831,-5.8928,C6-36
709,P,H,P709H,0.028114,-5.1526,C6-36
709,P,I,P709I,0.053386,-4.2274,C6-36
709,P,K,P709K,0.019173,-5.7047,C6-36
709,P,L,P709L,0.042636,-4.5518,C6-36
709,P,M,P709M,0.08622,-3.5358,C6-36
709,P,N,P709N,0.057658,-4.1163,C6-36
709,P,P,P709P,1.0,0.0,C6-36
709,P,Q,P709Q,0.011542,-6.437,C6-36
709,P,R,P709R,0.0052025,-7.5866,C6-36
709,P,S,P709S,0.007924299999999999,-6.9795,C6-36
709,P,T,P709T,0.021155,-5.5629,C6-36
709,P,V,P709V,0.049579000000000005,-4.3341,C6-36
709,P,W,P709W,0.015332,-6.0273,C6-36
709,P,Y,P709Y,0.055126,-4.1811,C6-36
710,F,*,F710*,0.023967,-5.3828,C6-36
710,F,A,F710A,0.0097132,-6.6858,C6-36
710,F,C,F710C,0.07560599999999999,-3.7254,C6-36
710,F,D,F710D,0.02156,-5.5355,C6-36
710,F,E,F710E,0.016644,-5.9089,C6-36
710,F,F,F710F,1.0,0.0,C6-36
710,F,G,F710G,0.0049676,-7.6532,C6-36
710,F,H,F710H,0.041533,-4.5896,C6-36
710,F,I,F710I,0.082571,-3.5982,C6-36
710,F,K,F710K,0.030351999999999997,-5.0421,C6-36
710,F,L,F710L,0.0032093000000000004,-8.2835,C6-36
710,F,M,F710M,0.030282999999999997,-5.0453,C6-36
710,F,N,F710N,0.039467,-4.6632,C6-36
710,F,P,F710P,0.017924000000000002,-5.8019,C6-36
710,F,Q,F710Q,0.029601,-5.0782,C6-36
710,F,R,F710R,0.008211,-6.9282,C6-36
710,F,S,F710S,0.12567,-2.9922,C6-36
710,F,T,F710T,0.015159,-6.0437,C6-36
710,F,V,F710V,0.0081427,-6.9403,C6-36
710,F,W,F710W,0.036787,-4.7646,C6-36
710,F,Y,F710Y,0.08569500000000001,-3.5446,C6-36
711,C,*,C711*,0.056269000000000007,-4.1515,C6-36
711,C,A,C711A,0.012442,-6.3287,C6-36
711,C,C,C711C,1.0,0.0,C6-36
711,C,D,C711D,0.054277,-4.2035,C6-36
711,C,E,C711E,0.022688,-5.4619,C6-36
711,C,F,C711F,0.04558,-4.4555,C6-36
711,C,G,C711G,0.011148,-6.487,C6-36
711,C,H,C711H,0.050226,-4.3154,C6-36
711,C,I,C711I,0.073612,-3.7639,C6-36
711,C,K,C711K,0.03678,-4.7649,C6-36
711,C,L,C711L,0.01205,-6.3748,C6-36
711,C,M,C711M,0.035385,-4.8207,C6-36
711,C,N,C711N,0.084675,-3.5619,C6-36
711,C,P,C711P,0.015727,-5.9907,C6-36
711,C,Q,C711Q,0.046686,-4.4209,C6-36
711,C,R,C711R,0.038193,-4.7105,C6-36
711,C,S,C711S,0.026705,-5.2268,C6-36
711,C,T,C711T,0.024509,-5.3505,C6-36
711,C,V,C711V,0.013071000000000001,-6.2574,C6-36
711,C,W,C711W,0.013378,-6.224,C6-36
711,C,Y,C711Y,0.028627999999999997,-5.1264,C6-36
712,S,*,S712*,0.030119999999999997,-5.0531,C6-36
712,S,A,S712A,0.012912999999999999,-6.275,C6-36
712,S,C,S712C,0.032322000000000004,-4.9513,C6-36
712,S,D,S712D,0.029486000000000002,-5.0838,C6-36
712,S,E,S712E,0.019885,-5.6522,C6-36
712,S,F,S712F,0.015084,-6.0509,C6-36
712,S,G,S712G,0.010647,-6.5534,C6-36
712,S,H,S712H,0.029851,-5.0661,C6-36
712,S,I,S712I,0.047248000000000005,-4.4036,C6-36
712,S,K,S712K,0.038961,-4.6818,C6-36
712,S,L,S712L,0.011852,-6.3988,C6-36
712,S,M,S712M,0.043112,-4.5358,C6-36
712,S,N,S712N,0.038597,-4.6954,C6-36
712,S,P,S712P,0.061855999999999994,-4.0149,C6-36
712,S,Q,S712Q,0.033131,-4.9157,C6-36
712,S,R,S712R,0.0088887,-6.8138,C6-36
712,S,S,S712S,1.0,0.0,C6-36
712,S,T,S712T,0.04861,-4.3626,C6-36
712,S,V,S712V,0.012929,-6.2732,C6-36
712,S,W,S712W,0.026539,-5.2357,C6-36
712,S,Y,S712Y,0.032418,-4.9471,C6-36
713,H,*,H713*,0.027839,-5.1667,C6-36
713,H,A,H713A,0.011473,-6.4456,C6-36
713,H,C,H713C,0.032491,-4.9438,C6-36
713,H,D,H713D,0.025263,-5.3068,C6-36
713,H,E,H713E,0.020425,-5.6135,C6-36
713,H,F,H713F,0.051766999999999994,-4.2718,C6-36
713,H,G,H713G,0.005819899999999999,-7.4248,C6-36
713,H,H,H713H,1.0,0.0,C6-36
713,H,I,H713I,0.055640999999999996,-4.1677,C6-36
713,H,K,H713K,0.023724000000000002,-5.3975,C6-36
713,H,L,H713L,0.009879,-6.6614,C6-36
713,H,M,H713M,0.033529,-4.8984,C6-36
713,H,N,H713N,0.40152,-1.3165,C6-36
713,H,P,H713P,0.019424,-5.686,C6-36
713,H,Q,H713Q,0.036773,-4.7652,C6-36
713,H,R,H713R,0.017608000000000002,-5.8276,C6-36
713,H,S,H713S,0.011084,-6.4954,C6-36
713,H,T,H713T,0.019832,-5.656000000000001,C6-36
713,H,V,H713V,0.012326,-6.3422,C6-36
713,H,W,H713W,0.017497,-5.8368,C6-36
713,H,Y,H713Y,0.019554,-5.6764,C6-36
714,H,*,H714*,0.060252999999999994,-4.0528,C6-36
714,H,A,H714A,0.020597999999999998,-5.6014,C6-36
714,H,C,H714C,0.042235,-4.5654,C6-36
714,H,D,H714D,0.03394,-4.8809,C6-36
714,H,E,H714E,0.034924000000000004,-4.8397,C6-36
714,H,F,H714F,0.072872,-3.7785,C6-36
714,H,G,H714G,0.013973,-6.1612,C6-36
714,H,H,H714H,1.0,0.0,C6-36
714,H,I,H714I,0.063501,-3.9771,C6-36
714,H,K,H714K,0.041678,-4.5846,C6-36
714,H,L,H714L,0.013973,-6.1612,C6-36
714,H,M,H714M,0.044239,-4.4985,C6-36
714,H,N,H714N,0.065319,-3.9363,C6-36
714,H,P,H714P,0.016515000000000002,-5.92,C6-36
714,H,Q,H714Q,0.032418,-4.947,C6-36
714,H,R,H714R,0.037262,-4.7462,C6-36
714,H,S,H714S,0.024977000000000003,-5.3232,C6-36
714,H,T,H714T,0.025497,-5.2935,C6-36
714,H,V,H714V,0.020709,-5.5936,C6-36
714,H,W,H714W,0.057692999999999994,-4.1155,C6-36
714,H,Y,H714Y,0.13302999999999998,-2.9101,C6-36
715,F,*,F715*,0.036972000000000005,-4.7574,C6-36
715,F,A,F715A,0.011087,-6.495,C6-36
715,F,C,F715C,0.065721,-3.9275,C6-36
715,F,D,F715D,0.034368,-4.8628,C6-36
715,F,E,F715E,0.026297000000000004,-5.249,C6-36
715,F,F,F715F,1.0,0.0,C6-36
715,F,G,F715G,0.0065525,-7.2537,C6-36
715,F,H,F715H,0.049491,-4.3367,C6-36
715,F,I,F715I,0.03439,-4.8619,C6-36
715,F,K,F715K,0.044197,-4.4999,C6-36
715,F,L,F715L,0.085921,-3.5409,C6-36
715,F,M,F715M,0.037427999999999996,-4.7398,C6-36
715,F,N,F715N,0.046193,-4.4362,C6-36
715,F,P,F715P,0.014624000000000002,-6.0955,C6-36
715,F,Q,F715Q,0.039944,-4.6459,C6-36
715,F,R,F715R,0.0086355,-6.8555,C6-36
715,F,S,F715S,0.024626,-5.3437,C6-36
715,F,T,F715T,0.021784,-5.5206,C6-36
715,F,V,F715V,0.012606000000000001,-6.3097,C6-36
715,F,W,F715W,0.12315,-3.0215,C6-36
715,F,Y,F715Y,0.44568,-1.1659,C6-36
716,N,*,N716*,0.035035000000000004,-4.8351,C6-36
716,N,A,N716A,0.13938,-2.843,C6-36
716,N,C,N716C,0.08352799999999999,-3.5816,C6-36
716,N,D,N716D,0.045288,-4.4647,C6-36
716,N,E,N716E,0.042947000000000006,-4.5413,C6-36
716,N,F,N716F,0.030913,-5.0156,C6-36
716,N,G,N716G,0.059789999999999996,-4.0639,C6-36
716,N,H,N716H,0.43199,-1.2109,C6-36
716,N,I,N716I,0.058315,-4.1,C6-36
716,N,K,N716K,0.035442,-4.8184,C6-36
716,N,L,N716L,0.01267,-6.3024,C6-36
716,N,M,N716M,0.054930999999999994,-4.1862,C6-36
716,N,N,N716N,1.0,0.0,C6-36
716,N,P,N716P,0.014324000000000002,-6.1254,C6-36
716,N,Q,N716Q,0.15334,-2.7052,C6-36
716,N,R,N716R,0.010508,-6.5724,C6-36
716,N,S,N716S,0.21385,-2.2254,C6-36
716,N,T,N716T,0.041294,-4.5979,C6-36
716,N,V,N716V,0.024374,-5.3585,C6-36
716,N,W,N716W,0.026664,-5.229,C6-36
716,N,Y,N716Y,0.029692000000000003,-5.0738,C6-36
717,K,*,K717*,0.015634000000000002,-5.9992,C6-36
717,K,A,K717A,0.086237,-3.5355,C6-36
717,K,C,K717C,0.13241,-2.9169,C6-36
717,K,D,K717D,0.019622,-5.6714,C6-36
717,K,E,K717E,0.15612,-2.6793,C6-36
717,K,F,K717F,0.02719,-5.2008,C6-36
717,K,G,K717G,0.0038518999999999997,-8.0202,C6-36
717,K,H,K717H,0.17673,-2.5003,C6-36
717,K,I,K717I,0.053926999999999996,-4.2129,C6-36
717,K,K,K717K,1.0,0.0,C6-36
717,K,L,K717L,0.55051,-0.8611700000000001,C6-36
717,K,M,K717M,0.6036600000000001,-0.72819,C6-36
717,K,N,K717N,0.072824,-3.7794,C6-36
717,K,P,K717P,0.010967,-6.5107,C6-36
717,K,Q,K717Q,0.57393,-0.80104,C6-36
717,K,R,K717R,0.38737,-1.3682,C6-36
717,K,S,K717S,0.15235,-2.7145,C6-36
717,K,T,K717T,0.31173,-1.6816,C6-36
717,K,V,K717V,0.068065,-3.8769,C6-36
717,K,W,K717W,0.030045,-5.0567,C6-36
717,K,Y,K717Y,0.098473,-3.3441,C6-36
718,L,*,L718*,0.020831,-5.5851,C6-36
718,L,A,L718A,0.15369000000000002,-2.7019,C6-36
718,L,C,L718C,0.55318,-0.8541700000000001,C6-36
718,L,D,L718D,0.029142,-5.1008,C6-36
718,L,E,L718E,0.017166,-5.8643,C6-36
718,L,F,L718F,0.039085,-4.6772,C6-36
718,L,G,L718G,0.0058792,-7.4102,C6-36
718,L,H,L718H,0.020322999999999997,-5.6207,C6-36
718,L,I,L718I,0.63745,-0.64961,C6-36
718,L,K,L718K,0.019887000000000002,-5.652,C6-36
718,L,L,L718L,1.0,0.0,C6-36
718,L,M,L718M,0.25378,-1.9783,C6-36
718,L,N,L718N,0.029033,-5.1062,C6-36
718,L,P,L718P,0.10223,-3.2901,C6-36
718,L,Q,L718Q,0.017166,-5.8643,C6-36
718,L,R,L718R,0.023807,-5.3925,C6-36
718,L,S,L718S,0.0084558,-6.8858,C6-36
718,L,T,L718T,0.025876,-5.2723,C6-36
718,L,V,L718V,0.62508,-0.67789,C6-36
718,L,W,L718W,0.016766,-5.8983,C6-36
718,L,Y,L718Y,0.03023,-5.0479,C6-36
719,Y,*,Y719*,0.029283999999999998,-5.0938,C6-36
719,Y,A,Y719A,0.017343,-5.8495,C6-36
719,Y,C,Y719C,0.038034,-4.7166,C6-36
719,Y,D,Y719D,0.031179000000000002,-5.0033,C6-36
719,Y,E,Y719E,0.030420999999999997,-5.0388,C6-36
719,Y,F,Y719F,0.81428,-0.29639,C6-36
719,Y,G,Y719G,0.0093189,-6.7456,C6-36
719,Y,H,Y719H,0.25966999999999996,-1.9453,C6-36
719,Y,I,Y719I,0.06700199999999999,-3.8997,C6-36
719,Y,K,Y719K,0.042614,-4.5525,C6-36
719,Y,L,Y719L,0.01292,-6.2742,C6-36
719,Y,M,Y719M,0.042804,-4.5461,C6-36
719,Y,N,Y719N,0.1099,-3.1857,C6-36
719,Y,P,Y719P,0.020628,-5.5993,C6-36
719,Y,Q,Y719Q,0.033738,-4.8895,C6-36
719,Y,R,Y719R,0.010993000000000001,-6.5072,C6-36
719,Y,S,Y719S,0.012509000000000001,-6.3208,C6-36
719,Y,T,Y719T,0.022397,-5.4805,C6-36
719,Y,V,Y719V,0.029314999999999997,-5.0922,C6-36
719,Y,W,Y719W,0.52461,-0.93069,C6-36
719,Y,Y,Y719Y,1.0,0.0,C6-36
720,L,*,L720*,0.059974,-4.0595,C6-36
720,L,A,L720A,0.019099,-5.7104,C6-36
720,L,C,L720C,0.046205,-4.4358,C6-36
720,L,D,L720D,0.043526,-4.522,C6-36
720,L,E,L720E,0.045339,-4.4631,C6-36
720,L,F,L720F,0.31215,-1.6797,C6-36
720,L,G,L720G,0.016934,-5.8839,C6-36
720,L,H,L720H,0.027972000000000004,-5.1599,C6-36
720,L,I,L720I,0.15414,-2.6977,C6-36
720,L,K,L720K,0.08681,-3.5260000000000002,C6-36
720,L,L,L720L,1.0,0.0,C6-36
720,L,M,L720M,0.5465,-0.8717,C6-36
720,L,N,L720N,0.055402,-4.1739,C6-36
720,L,P,L720P,0.033788,-4.8874,C6-36
720,L,Q,L720Q,0.046421,-4.4291,C6-36
720,L,R,L720R,0.034950999999999996,-4.8385,C6-36
720,L,S,L720S,0.014202000000000001,-6.1377,C6-36
720,L,T,L720T,0.022588,-5.4683,C6-36
720,L,V,L720V,0.022155,-5.4962,C6-36
720,L,W,L720W,0.048125,-4.3771,C6-36
720,L,Y,L720Y,0.068901,-3.8593,C6-36
721,K,*,K721*,0.037242000000000004,-4.7469,C6-36
721,K,A,K721A,0.022308,-5.4863,C6-36
721,K,C,K721C,0.050246,-4.3149,C6-36
721,K,D,K721D,0.070704,-3.8221,C6-36
721,K,E,K721E,0.12761,-2.9702,C6-36
721,K,F,K721F,0.07789299999999999,-3.6824,C6-36
721,K,G,K721G,0.047497000000000004,-4.396,C6-36
721,K,H,K721H,0.15039,-2.7332,C6-36
721,K,I,K721I,0.10387,-3.2671,C6-36
721,K,K,K721K,1.0,0.0,C6-36
721,K,L,K721L,0.020061000000000002,-5.6394,C6-36
721,K,M,K721M,0.055109000000000005,-4.1816,C6-36
721,K,N,K721N,0.06425399999999999,-3.9601,C6-36
721,K,P,K721P,0.025506,-5.292999999999999,C6-36
721,K,Q,K721Q,0.070122,-3.8339999999999996,C6-36
721,K,R,K721R,0.38261999999999996,-1.386,C6-36
721,K,S,K721S,0.11928,-3.0675,C6-36
721,K,T,K721T,0.086298,-3.5345,C6-36
721,K,V,K721V,0.022044,-5.5035,C6-36
721,K,W,K721W,0.046678,-4.4211,C6-36
721,K,Y,K721Y,0.06340900000000001,-3.9792,C6-36
722,D,*,D722*,0.045278,-4.465,C6-36
722,D,A,D722A,0.017501,-5.8364,C6-36
722,D,C,D722C,0.051319000000000004,-4.2844,C6-36
722,D,D,D722D,1.0,0.0,C6-36
722,D,E,D722E,0.025867,-5.2727,C6-36
722,D,F,D722F,0.058087,-4.1056,C6-36
722,D,G,D722G,0.28991999999999996,-1.7863,C6-36
722,D,H,D722H,0.053582000000000005,-4.2221,C6-36
722,D,I,D722I,0.059914,-4.061,C6-36
722,D,K,D722K,0.053686000000000005,-4.2193,C6-36
722,D,L,D722L,0.020677,-5.5958,C6-36
722,D,M,D722M,0.077934,-3.6816,C6-36
722,D,N,D722N,0.037057,-4.7541,C6-36
722,D,P,D722P,0.022151,-5.4965,C6-36
722,D,Q,D722Q,0.057921,-4.1098,C6-36
722,D,R,D722R,0.014303999999999999,-6.1275,C6-36
722,D,S,D722S,0.016712,-5.903,C6-36
722,D,T,D722T,0.028006,-5.1581,C6-36
722,D,V,D722V,0.021362,-5.5488,C6-36
722,D,W,D722W,0.038178,-4.7111,C6-36
722,D,Y,D722Y,0.086529,-3.5307,C6-36
723,G,*,G723*,0.044174,-4.5006,C6-36
723,G,A,G723A,0.028629,-5.1264,C6-36
723,G,C,G723C,0.024585,-5.3461,C6-36
723,G,D,G723D,0.025368,-5.3009,C6-36
723,G,E,G723E,0.2133,-2.229,C6-36
723,G,F,G723F,0.033066000000000005,-4.9185,C6-36
723,G,G,G723G,1.0,0.0,C6-36
723,G,H,G723H,0.085739,-3.5439,C6-36
723,G,I,G723I,0.029095,-5.1031,C6-36
723,G,K,G723K,0.047529,-4.395,C6-36
723,G,L,G723L,0.016701,-5.904,C6-36
723,G,M,G723M,0.04643,-4.4288,C6-36
723,G,N,G723N,0.026169,-5.256,C6-36
723,G,P,G723P,0.02369,-5.3996,C6-36
723,G,Q,G723Q,0.060148,-4.0553,C6-36
723,G,R,G723R,0.0080707,-6.9531,C6-36
723,G,S,G723S,0.035638,-4.8105,C6-36
723,G,T,G723T,0.019216999999999998,-5.7015,C6-36
723,G,V,G723V,0.011239,-6.4753,C6-36
723,G,W,G723W,0.058508000000000004,-4.0952,C6-36
723,G,Y,G723Y,0.026579000000000002,-5.2336,C6-36
724,R,*,R724*,0.026310000000000004,-5.2483,C6-36
724,R,A,R724A,0.011173,-6.4839,C6-36
724,R,C,R724C,0.025949,-5.2682,C6-36
724,R,D,R724D,0.029930000000000002,-5.0623,C6-36
724,R,E,R724E,0.022657,-5.4639,C6-36
724,R,F,R724F,0.046198,-4.436,C6-36
724,R,G,R724G,0.16402,-2.6081,C6-36
724,R,H,R724H,0.021543,-5.5367,C6-36
724,R,I,R724I,0.062318,-4.0042,C6-36
724,R,K,R724K,0.010222,-6.6121,C6-36
724,R,L,R724L,0.0099604,-6.6496,C6-36
724,R,M,R724M,0.027308999999999996,-5.1945,C6-36
724,R,N,R724N,0.030454000000000002,-5.0372,C6-36
724,R,P,R724P,0.0093051,-6.7478,C6-36
724,R,Q,R724Q,0.030815,-5.0202,C6-36
724,R,R,R724R,1.0,0.0,C6-36
724,R,S,R724S,0.025769,-5.2782,C6-36
724,R,T,R724T,0.016972,-5.8807,C6-36
724,R,V,R724V,0.013171,-6.2465,C6-36
724,R,W,R724W,0.022083000000000002,-5.5009,C6-36
724,R,Y,R724Y,0.032044,-4.9638,C6-36
725,S,*,S725*,0.038357999999999996,-4.7043,C6-36
725,S,A,S725A,0.56943,-0.8124100000000001,C6-36
725,S,C,S725C,0.63684,-0.65099,C6-36
725,S,D,S725D,0.38588,-1.3738,C6-36
725,S,E,S725E,0.57585,-0.79623,C6-36
725,S,F,S725F,0.8270000000000001,-0.27403,C6-36
725,S,G,S725G,0.9236700000000001,-0.11456,C6-36
725,S,H,S725H,0.50393,-0.9887,C6-36
725,S,I,S725I,0.0514,-4.2821,C6-36
725,S,K,S725K,0.24923,-2.0044,C6-36
725,S,L,S725L,0.028097000000000004,-5.1534,C6-36
725,S,M,S725M,0.31914000000000003,-1.6477,C6-36
725,S,N,S725N,0.52541,-0.92848,C6-36
725,S,P,S725P,0.20483,-2.2875,C6-36
725,S,Q,S725Q,0.38061,-1.3936,C6-36
725,S,R,S725R,0.2431,-2.0404,C6-36
725,S,S,S725S,1.0,0.0,C6-36
725,S,T,S725T,0.49156000000000005,-1.0246,C6-36
725,S,V,S725V,0.1402,-2.8344,C6-36
725,S,W,S725W,1.0833,0.11548,C6-36
725,S,Y,S725Y,0.41158,-1.2807,C6-36
726,I,*,I726*,0.026496,-5.2381,C6-36
726,I,A,I726A,0.013506,-6.2103,C6-36
726,I,C,I726C,0.039184,-4.6736,C6-36
726,I,D,I726D,0.039873,-4.6485,C6-36
726,I,E,I726E,0.033206,-4.9124,C6-36
726,I,F,I726F,0.028560000000000002,-5.1298,C6-36
726,I,G,I726G,0.013119,-6.2522,C6-36
726,I,H,I726H,0.029377999999999998,-5.0891,C6-36
726,I,I,I726I,1.0,0.0,C6-36
726,I,K,I726K,0.06400299999999999,-3.9657,C6-36
726,I,L,I726L,1.2684,0.34301,C6-36
726,I,M,I726M,0.63693,-0.65079,C6-36
726,I,N,I726N,0.039658,-4.6563,C6-36
726,I,P,I726P,0.010409,-6.586,C6-36
726,I,Q,I726Q,0.030668,-5.0271,C6-36
726,I,R,I726R,0.01157,-6.4334,C6-36
726,I,S,I726S,0.021334,-5.5507,C6-36
726,I,T,I726T,0.15342999999999998,-2.7044,C6-36
726,I,V,I726V,0.7740100000000001,-0.36956999999999995,C6-36
726,I,W,I726W,0.035528,-4.8149,C6-36
726,I,Y,I726Y,0.031915,-4.9696,C6-36
727,V,*,V727*,0.039462,-4.6634,C6-36
727,V,A,V727A,0.05343,-4.2262,C6-36
727,V,C,V727C,0.48394,-1.0471,C6-36
727,V,D,V727D,0.026492,-5.2383,C6-36
727,V,E,V727E,0.055951,-4.1597,C6-36
727,V,F,V727F,0.042744,-4.5481,C6-36
727,V,G,V727G,0.0080867,-6.9502,C6-36
727,V,H,V727H,0.035419,-4.8193,C6-36
727,V,I,V727I,0.30696,-1.7039,C6-36
727,V,K,V727K,0.035419,-4.8193,C6-36
727,V,L,V727L,0.0089794,-6.7992,C6-36
727,V,M,V727M,0.10471,-3.2556,C6-36
727,V,N,V727N,0.048179,-4.3754,C6-36
727,V,P,V727P,0.010108,-6.6283,C6-36
727,V,Q,V727Q,0.023709,-5.3984,C6-36
727,V,R,V727R,0.0095833,-6.7053,C6-36
727,V,S,V727S,0.010424,-6.584,C6-36
727,V,T,V727T,0.2634,-1.9247,C6-36
727,V,V,V727V,1.0,0.0,C6-36
727,V,W,V727W,0.022737,-5.4588,C6-36
727,V,Y,V727Y,0.035838999999999996,-4.8023,C6-36
728,V,*,V728*,0.06275399999999999,-3.9941,C6-36
728,V,A,V728A,0.42418999999999996,-1.2372,C6-36
728,V,C,V728C,0.17352,-2.5268,C6-36
728,V,D,V728D,0.051017,-4.2929,C6-36
728,V,E,V728E,0.032251999999999996,-4.9544,C6-36
728,V,F,V728F,0.028283,-5.1439,C6-36
728,V,G,V728G,0.007668600000000001,-7.0268,C6-36
728,V,H,V728H,0.02557,-5.2894,C6-36
728,V,I,V728I,0.30378,-1.7189,C6-36
728,V,K,V728K,0.049045,-4.3498,C6-36
728,V,L,V728L,0.011096,-6.4938,C6-36
728,V,M,V728M,0.061447,-4.0245,C6-36
728,V,N,V728N,0.030427999999999997,-5.0385,C6-36
728,V,P,V728P,0.0099125,-6.6565,C6-36
728,V,Q,V728Q,0.05156,-4.2776,C6-36
728,V,R,V728R,0.018888,-5.7264,C6-36
728,V,S,V728S,0.016422,-5.9282,C6-36
728,V,T,V728T,0.019825,-5.6565,C6-36
728,V,V,V728V,1.0,0.0,C6-36
728,V,W,V728W,0.05442,-4.1997,C6-36
728,V,Y,V728Y,0.033683,-4.8919,C6-36
729,P,*,P729*,0.033356,-4.9059,C6-36
729,P,A,P729A,0.074314,-3.7502,C6-36
729,P,C,P729C,0.037941,-4.7201,C6-36
729,P,D,P729D,0.043958,-4.5077,C6-36
729,P,E,P729E,0.031191000000000003,-5.0027,C6-36
729,P,F,P729F,0.056502,-4.1455,C6-36
729,P,G,P729G,0.014761000000000002,-6.0821,C6-36
729,P,H,P729H,0.026095,-5.2601,C6-36
729,P,I,P729I,0.038725,-4.6906,C6-36
729,P,K,P729K,0.03397,-4.8796,C6-36
729,P,L,P729L,0.054338,-4.2019,C6-36
729,P,M,P729M,0.034225,-4.8688,C6-36
729,P,N,P729N,0.039594,-4.6586,C6-36
729,P,P,P729P,1.0,0.0,C6-36
729,P,Q,P729Q,0.023965,-5.382999999999999,C6-36
729,P,R,P729R,0.0090165,-6.7932,C6-36
729,P,S,P729S,0.039594,-4.6586,C6-36
729,P,T,P729T,0.018749000000000002,-5.737,C6-36
729,P,V,P729V,0.015937,-5.9715,C6-36
729,P,W,P729W,0.038197,-4.7104,C6-36
729,P,Y,P729Y,0.040037,-4.6425,C6-36
730,C,*,C730*,0.037273,-4.7457,C6-36
730,C,A,C730A,0.013399000000000001,-6.2217,C6-36
730,C,C,C730C,1.0,0.0,C6-36
730,C,D,C730D,0.041247000000000006,-4.5996,C6-36
730,C,E,C730E,0.0422,-4.5666,C6-36
730,C,F,C730F,0.039737,-4.6534,C6-36
730,C,G,C730G,0.0097117,-6.6861,C6-36
730,C,H,C730H,0.031217,-5.0015,C6-36
730,C,I,C730I,0.038465,-4.7003,C6-36
730,C,K,C730K,0.047001,-4.4112,C6-36
730,C,L,C730L,0.014194,-6.1386,C6-36
730,C,M,C730M,0.042232,-4.5655,C6-36
730,C,N,C730N,0.037002999999999994,-4.7562,C6-36
730,C,P,C730P,0.015323,-6.0282,C6-36
730,C,Q,C730Q,0.043679,-4.5169,C6-36
730,C,R,C730R,0.009838799999999998,-6.6673,C6-36
730,C,S,C730S,0.033665,-4.8926,C6-36
730,C,T,C730T,0.021838999999999997,-5.5169,C6-36
730,C,V,C730V,0.014544,-6.1035,C6-36
730,C,W,C730W,0.034539,-4.8556,C6-36
730,C,Y,C730Y,0.022348,-5.4837,C6-36
731,R,*,R731*,0.034655,-4.8508,C6-36
731,R,A,R731A,0.011193999999999999,-6.4811,C6-36
731,R,C,R731C,0.045116,-4.4702,C6-36
731,R,D,R731D,0.10368,-3.2698,C6-36
731,R,E,R731E,0.028272000000000002,-5.1445,C6-36
731,R,F,R731F,0.040324,-4.6322,C6-36
731,R,G,R731G,0.0083509,-6.9038,C6-36
731,R,H,R731H,0.042005,-4.5733,C6-36
731,R,I,R731I,0.041325,-4.5968,C6-36
731,R,K,R731K,0.092432,-3.4355,C6-36
731,R,L,R731L,0.0084403,-6.8885,C6-36
731,R,M,R731M,0.030721,-5.0246,C6-36
731,R,N,R731N,0.10114,-3.3056,C6-36
731,R,P,R731P,0.034995,-4.8367,C6-36
731,R,Q,R731Q,0.03419,-4.8703,C6-36
731,R,R,R731R,1.0,0.0,C6-36
731,R,S,R731S,0.0098351,-6.6678,C6-36
731,R,T,R731T,0.018687,-5.7418,C6-36
731,R,V,R731V,0.011087,-6.495,C6-36
731,R,W,R731W,0.020546000000000002,-5.605,C6-36
731,R,Y,R731Y,0.071224,-3.8115,C6-36
732,H,*,H732*,0.079868,-3.6462,C6-36
732,H,A,H732A,1.0918,0.12672,C6-36
732,H,C,H732C,0.45748,-1.1282,C6-36
732,H,D,H732D,1.4534,0.5394800000000001,C6-36
732,H,E,H732E,1.5691,0.64998,C6-36
732,H,F,H732F,0.5874199999999999,-0.76753,C6-36
732,H,G,H732G,1.3034,0.38223,C6-36
732,H,H,H732H,1.0,0.0,C6-36
732,H,I,H732I,0.15195999999999998,-2.7182,C6-36
732,H,K,H732K,0.32306999999999997,-1.6301,C6-36
732,H,L,H732L,0.70917,-0.4958,C6-36
732,H,M,H732M,0.63894,-0.64625,C6-36
732,H,N,H732N,0.23686999999999997,-2.0778,C6-36
732,H,P,H732P,0.71492,-0.48413999999999996,C6-36
732,H,Q,H732Q,2.3365,1.2243,C6-36
732,H,R,H732R,0.13757,-2.8617,C6-36
732,H,S,H732S,0.48568,-1.0419,C6-36
732,H,T,H732T,0.29904000000000003,-1.7416,C6-36
732,H,V,H732V,0.28536,-1.8091,C6-36
732,H,W,H732W,0.19744,-2.3405,C6-36
732,H,Y,H732Y,0.33141,-1.5933,C6-36
733,Q,*,Q733*,0.15436,-2.6956,C6-36
733,Q,A,Q733A,0.06312899999999999,-3.9856,C6-36
733,Q,C,Q733C,0.065217,-3.9386,C6-36
733,Q,D,Q733D,0.041163,-4.6025,C6-36
733,Q,E,Q733E,0.14762,-2.76,C6-36
733,Q,F,Q733F,0.046774,-4.4181,C6-36
733,Q,G,Q733G,0.019676,-5.6674,C6-36
733,Q,H,Q733H,0.034520999999999996,-4.8564,C6-36
733,Q,I,Q733I,0.045944,-4.444,C6-36
733,Q,K,Q733K,0.048687,-4.3603,C6-36
733,Q,L,Q733L,0.027551,-5.1817,C6-36
733,Q,M,Q733M,0.034018,-4.8776,C6-36
733,Q,N,Q733N,0.047026,-4.4104,C6-36
733,Q,P,Q733P,0.028281,-5.144,C6-36
733,Q,Q,Q733Q,1.0,0.0,C6-36
733,Q,R,Q733R,0.14812,-2.7551,C6-36
733,Q,S,Q733S,0.37749,-1.4055,C6-36
733,Q,T,Q733T,0.086,-3.5395,C6-36
733,Q,V,Q733V,0.01955,-5.6767,C6-36
733,Q,W,Q733W,0.037364,-4.7422,C6-36
733,Q,Y,Q733Y,0.043579,-4.5202,C6-36
734,D,*,D734*,0.019743,-5.6625,C6-36
734,D,A,D734A,0.032177,-4.9578,C6-36
734,D,C,D734C,0.023212,-5.428999999999999,C6-36
734,D,D,D734D,1.0,0.0,C6-36
734,D,E,D734E,0.37367,-1.4202,C6-36
734,D,F,D734F,0.017365000000000002,-5.8477,C6-36
734,D,G,D734G,0.16365,-2.6113,C6-36
734,D,H,D734H,0.014538999999999998,-6.1039,C6-36
734,D,I,D734I,0.01986,-5.654,C6-36
734,D,K,D734K,0.025044,-5.3194,C6-36
734,D,L,D734L,0.0059443000000000005,-7.3943,C6-36
734,D,M,D734M,0.019918,-5.6498,C6-36
734,D,N,D734N,0.13030999999999998,-2.94,C6-36
734,D,P,D734P,0.007152600000000001,-7.1273,C6-36
734,D,Q,D734Q,0.018028,-5.7936,C6-36
734,D,R,D734R,0.006626399999999999,-7.2376,C6-36
734,D,S,D734S,0.0074643999999999995,-7.0658,C6-36
734,D,T,D734T,0.0092964,-6.7491,C6-36
734,D,V,D734V,0.0076787999999999995,-7.0249,C6-36
734,D,W,D734W,0.019606000000000002,-5.6725,C6-36
734,D,Y,D734Y,0.027655000000000002,-5.1763,C6-36
735,E,*,E735*,0.032399000000000004,-4.9479,C6-36
735,E,A,E735A,0.022244,-5.4904,C6-36
735,E,C,E735C,0.025688,-5.2828,C6-36
735,E,D,E735D,0.037967,-4.7191,C6-36
735,E,E,E735E,1.0,0.0,C6-36
735,E,F,E735F,0.025893,-5.2713,C6-36
735,E,G,E735G,0.05583,-4.1628,C6-36
735,E,H,E735H,0.020896,-5.5806,C6-36
735,E,I,E735I,0.022977,-5.4437,C6-36
735,E,K,E735K,0.011664,-6.4218,C6-36
735,E,L,E735L,0.0091291,-6.7753,C6-36
735,E,M,E735M,0.028295999999999998,-5.1433,C6-36
735,E,N,E735N,0.02472,-5.3381,C6-36
735,E,P,E735P,0.010463,-6.5786,C6-36
735,E,Q,E735Q,0.038143,-4.7124,C6-36
735,E,R,E735R,0.011269,-6.4716,C6-36
735,E,S,E735S,0.0086602,-6.8514,C6-36
735,E,T,E735T,0.012529,-6.3186,C6-36
735,E,V,E735V,0.008938600000000001,-6.8057,C6-36
735,E,W,E735W,0.030889999999999997,-5.0167,C6-36
735,E,Y,E735Y,0.026772000000000004,-5.2231,C6-36
736,L,*,L736*,0.034612000000000004,-4.8526,C6-36
736,L,A,L736A,0.52509,-0.9293600000000001,C6-36
736,L,C,L736C,0.58465,-0.77435,C6-36
736,L,D,L736D,0.036719,-4.7673,C6-36
736,L,E,L736E,0.029862,-5.0655,C6-36
736,L,F,L736F,0.04308,-4.5369,C6-36
736,L,G,L736G,0.0093346,-6.7432,C6-36
736,L,H,L736H,0.025278,-5.306,C6-36
736,L,I,L736I,0.066044,-3.9204,C6-36
736,L,K,L736K,0.026723,-5.2258,C6-36
736,L,L,L736L,1.0,0.0,C6-36
736,L,M,L736M,0.37990999999999997,-1.3963,C6-36
736,L,N,L736N,0.078477,-3.6716,C6-36
736,L,P,L736P,0.17703,-2.498,C6-36
736,L,Q,L736Q,0.21164000000000002,-2.2403,C6-36
736,L,R,L736R,0.012391,-6.3346,C6-36
736,L,S,L736S,0.0114,-6.4549,C6-36
736,L,T,L736T,0.15068,-2.7305,C6-36
736,L,V,L736V,0.67345,-0.57035,C6-36
736,L,W,L736W,0.022469,-5.4759,C6-36
736,L,Y,L736Y,0.031597,-4.9841,C6-36
737,I,*,I737*,0.063812,-3.97,C6-36
737,I,A,I737A,0.022167,-5.4954,C6-36
737,I,C,I737C,0.051515,-4.2789,C6-36
737,I,D,I737D,0.0586,-4.0929,C6-36
737,I,E,I737E,0.07678099999999999,-3.7031,C6-36
737,I,F,I737F,0.15786,-2.6633,C6-36
737,I,G,I737G,0.016475,-5.9235,C6-36
737,I,H,I737H,0.075076,-3.7355,C6-36
737,I,I,I737I,1.0,0.0,C6-36
737,I,K,I737K,0.048320999999999996,-4.3712,C6-36
737,I,L,I737L,0.23534000000000002,-2.0872,C6-36
737,I,M,I737M,0.056702999999999996,-4.1404,C6-36
737,I,N,I737N,0.061386,-4.0259,C6-36
737,I,P,I737P,0.023896,-5.3871,C6-36
737,I,Q,I737Q,0.054877999999999996,-4.1876,C6-36
737,I,R,I737R,0.015275,-6.0327,C6-36
737,I,S,I737S,0.027499000000000003,-5.1845,C6-36
737,I,T,I737T,0.16080999999999998,-2.6365,C6-36
737,I,V,I737V,0.082209,-3.6046,C6-36
737,I,W,I737W,0.049954000000000005,-4.3232,C6-36
737,I,Y,I737Y,0.063043,-3.9875,C6-36
738,G,*,G738*,0.046092,-4.4393,C6-36
738,G,A,G738A,0.018690000000000002,-5.7416,C6-36
738,G,C,G738C,0.023886,-5.3877,C6-36
738,G,D,G738D,0.010581,-6.5624,C6-36
738,G,E,G738E,0.036256000000000004,-4.7856,C6-36
738,G,F,G738F,0.047375,-4.3997,C6-36
738,G,G,G738G,1.0,0.0,C6-36
738,G,H,G738H,0.040057999999999996,-4.6418,C6-36
738,G,I,G738I,0.039693,-4.655,C6-36
738,G,K,G738K,0.03765,-4.7312,C6-36
738,G,L,G738L,0.014872999999999999,-6.0711,C6-36
738,G,M,G738M,0.047564999999999996,-4.3939,C6-36
738,G,N,G738N,0.038474,-4.7,C6-36
738,G,P,G738P,0.01736,-5.8481,C6-36
738,G,Q,G738Q,0.043305,-4.5293,C6-36
738,G,R,G738R,0.010628,-6.556,C6-36
738,G,S,G738S,0.0080939,-6.949,C6-36
738,G,T,G738T,0.019625,-5.6712,C6-36
738,G,V,G738V,0.012466,-6.3259,C6-36
738,G,W,G738W,0.027529,-5.1829,C6-36
738,G,Y,G738Y,0.043732,-4.5152,C6-36
739,R,*,R739*,0.028699000000000002,-5.1229,C6-36
739,R,A,R739A,0.035776999999999996,-4.8048,C6-36
739,R,C,R739C,0.052084000000000005,-4.263,C6-36
739,R,D,R739D,0.095426,-3.3895,C6-36
739,R,E,R739E,0.07068200000000001,-3.8225,C6-36
739,R,F,R739F,0.09765700000000001,-3.3561,C6-36
739,R,G,R739G,0.026691000000000003,-5.2275,C6-36
739,R,H,R739H,0.045736,-4.4505,C6-36
739,R,I,R739I,0.082426,-3.6008,C6-36
739,R,K,R739K,0.058797,-4.0881,C6-36
739,R,L,R739L,0.012757,-6.2925,C6-36
739,R,M,R739M,0.070601,-3.8242,C6-36
739,R,N,R739N,0.095183,-3.3932,C6-36
739,R,P,R739P,0.011601,-6.4296,C6-36
739,R,Q,R739Q,0.029632,-5.0767,C6-36
739,R,R,R739R,1.0,0.0,C6-36
739,R,S,R739S,0.02014,-5.6338,C6-36
739,R,T,R739T,0.024561000000000003,-5.3475,C6-36
739,R,V,R739V,0.037765,-4.7268,C6-36
739,R,W,R739W,0.041091,-4.605,C6-36
739,R,Y,R739Y,0.090863,-3.4602,C6-36
740,A,*,A740*,0.038395,-4.7029,C6-36
740,A,A,A740A,1.0,0.0,C6-36
740,A,C,A740C,0.16644,-2.5869,C6-36
740,A,D,A740D,0.051565,-4.2775,C6-36
740,A,E,A740E,0.020717,-5.593,C6-36
740,A,F,A740F,0.042116,-4.5695,C6-36
740,A,G,A740G,0.096287,-3.3765,C6-36
740,A,H,A740H,0.032770999999999995,-4.9314,C6-36
740,A,I,A740I,0.053323,-4.2291,C6-36
740,A,K,A740K,0.048464,-4.3669,C6-36
740,A,L,A740L,0.014287000000000001,-6.1292,C6-36
740,A,M,A740M,0.038519,-4.6983,C6-36
740,A,N,A740N,0.034549,-4.8552,C6-36
740,A,P,A740P,0.0089732,-6.8002,C6-36
740,A,Q,A740Q,0.035686,-4.8085,C6-36
740,A,R,A740R,0.008911200000000001,-6.8102,C6-36
740,A,S,A740S,0.27718000000000004,-1.8511,C6-36
740,A,T,A740T,0.012963999999999998,-6.2694,C6-36
740,A,V,A740V,0.032068,-4.9627,C6-36
740,A,W,A740W,0.023901,-5.3868,C6-36
740,A,Y,A740Y,0.030476,-5.0362,C6-36
741,R,*,R741*,0.028747,-5.1205,C6-36
741,R,A,R741A,0.01036,-6.5928,C6-36
741,R,C,R741C,0.010013,-6.6419,C6-36
741,R,D,R741D,0.031159,-5.0042,C6-36
741,R,E,R741E,0.025939999999999998,-5.2687,C6-36
741,R,F,R741F,0.044279,-4.4972,C6-36
741,R,G,R741G,0.0088779,-6.8156,C6-36
741,R,H,R741H,0.12793,-2.9665,C6-36
741,R,I,R741I,0.043491,-4.5232,C6-36
741,R,K,R741K,0.038035,-4.7165,C6-36
741,R,L,R741L,0.010124,-6.6261,C6-36
741,R,M,R741M,0.034613,-4.8526,C6-36
741,R,N,R741N,0.03045,-5.0374,C6-36
741,R,P,R741P,0.0084521,-6.8865,C6-36
741,R,Q,R741Q,0.030529,-5.0337,C6-36
741,R,R,R741R,1.0,0.0,C6-36
741,R,S,R741S,0.0083102,-6.9109,C6-36
741,R,T,R741T,0.014491999999999998,-6.1086,C6-36
741,R,V,R741V,0.012062999999999999,-6.3732,C6-36
741,R,W,R741W,0.023748,-5.3961,C6-36
741,R,Y,R741Y,0.035291,-4.8246,C6-36
742,V,*,V742*,0.026652999999999996,-5.2296,C6-36
742,V,A,V742A,0.030552999999999997,-5.0325,C6-36
742,V,C,V742C,1.0931,0.12847,C6-36
742,V,D,V742D,0.020927,-5.5785,C6-36
742,V,E,V742E,0.023852,-5.3897,C6-36
742,V,F,V742F,0.014976,-6.0612,C6-36
742,V,G,V742G,0.010876,-6.5227,C6-36
742,V,H,V742H,0.014925999999999998,-6.066,C6-36
742,V,I,V742I,0.06993200000000001,-3.8379,C6-36
742,V,K,V742K,0.024927,-5.3261,C6-36
742,V,L,V742L,0.0058506,-7.4172,C6-36
742,V,M,V742M,0.035429,-4.8189,C6-36
742,V,N,V742N,0.021852,-5.5161,C6-36
742,V,P,V742P,0.0087759,-6.8322,C6-36
742,V,Q,V742Q,0.021177,-5.5613,C6-36
742,V,R,V742R,0.0060756000000000004,-7.3628,C6-36
742,V,S,V742S,0.0061506,-7.3451,C6-36
742,V,T,V742T,0.026902999999999996,-5.2161,C6-36
742,V,V,V742V,1.0,0.0,C6-36
742,V,W,V742W,0.019927,-5.6491,C6-36
742,V,Y,V742Y,0.017352,-5.8488,C6-36
743,S,*,S743*,0.030266,-5.0462,C6-36
743,S,A,S743A,0.12025999999999999,-3.0557,C6-36
743,S,C,S743C,0.073801,-3.7602,C6-36
743,S,D,S743D,0.027941000000000004,-5.1615,C6-36
743,S,E,S743E,0.030086,-5.0548,C6-36
743,S,F,S743F,0.040208,-4.6364,C6-36
743,S,G,S743G,0.010864,-6.5243,C6-36
743,S,H,S743H,0.043515,-4.5223,C6-36
743,S,I,S743I,0.025695999999999997,-5.2823,C6-36
743,S,K,S743K,0.031569,-4.9854,C6-36
743,S,L,S743L,0.085126,-3.5543,C6-36
743,S,M,S743M,0.092923,-3.4278,C6-36
743,S,N,S743N,0.095228,-3.3925,C6-36
743,S,P,S743P,0.10882,-3.2,C6-36
743,S,Q,S743Q,0.033393,-4.9043,C6-36
743,S,R,S743R,0.0095608,-6.7086,C6-36
743,S,S,S743S,1.0,0.0,C6-36
743,S,T,S743T,0.065362,-3.9354,C6-36
743,S,V,S743V,0.010001999999999999,-6.6436,C6-36
743,S,W,S743W,0.023490999999999998,-5.4117,C6-36
743,S,Y,S743Y,0.046281,-4.4334,C6-36
744,P,*,P744*,0.046269,-4.4338,C6-36
744,P,A,P744A,0.018085,-5.789,C6-36
744,P,C,P744C,0.051463,-4.2803,C6-36
744,P,D,P744D,0.049368,-4.3403,C6-36
744,P,E,P744E,0.050373,-4.3112,C6-36
744,P,F,P744F,0.037567,-4.7344,C6-36
744,P,G,P744G,0.020435,-5.6128,C6-36
744,P,H,P744H,0.019737,-5.6629,C6-36
744,P,I,P744I,0.042999,-4.5395,C6-36
744,P,K,P744K,0.051156,-4.2889,C6-36
744,P,L,P744L,0.052689,-4.2464,C6-36
744,P,M,P744M,0.039031,-4.6792,C6-36
744,P,N,P744N,0.049607,-4.3333,C6-36
744,P,P,P744P,1.0,0.0,C6-36
744,P,Q,P744Q,0.02459,-5.3458,C6-36
744,P,R,P744R,0.015019999999999999,-6.057,C6-36
744,P,S,P744S,0.0094854,-6.7201,C6-36
744,P,T,P744T,0.020572,-5.6032,C6-36
744,P,V,P744V,0.020333,-5.62,C6-36
744,P,W,P744W,0.041841,-4.5789,C6-36
744,P,Y,P744Y,0.042318,-4.5626,C6-36
745,G,*,G745*,0.042694,-4.5498,C6-36
745,G,A,G745A,0.015637,-5.9989,C6-36
745,G,C,G745C,0.039113,-4.6762,C6-36
745,G,D,G745D,0.09125599999999999,-3.4539,C6-36
745,G,E,G745E,0.20026,-2.3201,C6-36
745,G,F,G745F,0.050771,-4.2999,C6-36
745,G,G,G745G,1.0,0.0,C6-36
745,G,H,G745H,0.052561000000000004,-4.2499,C6-36
745,G,I,G745I,0.045578,-4.4555,C6-36
745,G,K,G745K,0.043509,-4.5225,C6-36
745,G,L,G745L,0.010465,-6.5783,C6-36
745,G,M,G745M,0.047747000000000005,-4.3884,C6-36
745,G,N,G745N,0.054729999999999994,-4.1915,C6-36
745,G,P,G745P,0.015378,-6.0229,C6-36
745,G,Q,G745Q,0.047508,-4.3957,C6-36
745,G,R,G745R,0.024250999999999998,-5.3658,C6-36
745,G,S,G745S,0.018761,-5.7362,C6-36
745,G,T,G745T,0.08327899999999999,-3.5859,C6-36
745,G,V,G745V,0.012772,-6.2908,C6-36
745,G,W,G745W,0.02829,-5.1436,C6-36
745,G,Y,G745Y,0.064916,-3.9453,C6-36
746,A,*,A746*,0.07625900000000001,-3.7129,C6-36
746,A,A,A746A,1.0,0.0,C6-36
746,A,C,A746C,0.64861,-0.62459,C6-36
746,A,D,A746D,0.039735,-4.6534,C6-36
746,A,E,A746E,0.055589,-4.1691,C6-36
746,A,F,A746F,0.38541,-1.3755,C6-36
746,A,G,A746G,0.21784,-2.1987,C6-36
746,A,H,A746H,0.69858,-0.51751,C6-36
746,A,I,A746I,0.11198,-3.1587,C6-36
746,A,K,A746K,0.5894,-0.76267,C6-36
746,A,L,A746L,0.24764,-2.0137,C6-36
746,A,M,A746M,0.8819,-0.18132,C6-36
746,A,N,A746N,1.0773,0.10737000000000001,C6-36
746,A,P,A746P,0.03241,-4.9474,C6-36
746,A,Q,A746Q,0.070138,-3.8337,C6-36
746,A,R,A746R,1.2183,0.28492,C6-36
746,A,S,A746S,1.0751,0.10440999999999999,C6-36
746,A,T,A746T,0.55298,-0.8547,C6-36
746,A,V,A746V,0.6047600000000001,-0.7255699999999999,C6-36
746,A,W,A746W,0.06171,-4.0184,C6-36
746,A,Y,A746Y,0.38842,-1.3643,C6-36
747,G,*,G747*,0.020927,-5.5785,C6-36
747,G,A,G747A,0.008294200000000002,-6.9137,C6-36
747,G,C,G747C,0.018544,-5.7529,C6-36
747,G,D,G747D,0.024073,-5.3764,C6-36
747,G,E,G747E,0.015441999999999999,-6.017,C6-36
747,G,F,G747F,0.024096,-5.3751,C6-36
747,G,G,G747G,1.0,0.0,C6-36
747,G,H,G747H,0.09627100000000001,-3.3768,C6-36
747,G,I,G747I,0.047652,-4.3913,C6-36
747,G,K,G747K,0.047922,-4.3832,C6-36
747,G,L,G747L,0.062442,-4.0013,C6-36
747,G,M,G747M,0.086134,-3.5373,C6-36
747,G,N,G747N,0.53822,-0.8937200000000001,C6-36
747,G,P,G747P,0.013666,-6.1932,C6-36
747,G,Q,G747Q,0.12491,-3.0011,C6-36
747,G,R,G747R,0.016274,-5.9413,C6-36
747,G,S,G747S,0.0070354,-7.1511,C6-36
747,G,T,G747T,0.033694,-4.8914,C6-36
747,G,V,G747V,0.016588,-5.9137,C6-36
747,G,W,G747W,0.023736,-5.3968,C6-36
747,G,Y,G747Y,0.021871,-5.5149,C6-36
748,W,*,W748*,0.18172,-2.4602,C6-36
748,W,A,W748A,0.011207,-6.4794,C6-36
748,W,C,W748C,0.014384000000000001,-6.1194,C6-36
748,W,D,W748D,0.023105,-5.4357,C6-36
748,W,E,W748E,0.02713,-5.204,C6-36
748,W,F,W748F,0.065526,-3.9318,C6-36
748,W,G,W748G,0.021763,-5.522,C6-36
748,W,H,W748H,0.17703,-2.498,C6-36
748,W,I,W748I,0.078115,-3.6783,C6-36
748,W,K,W748K,0.034608,-4.8528,C6-36
748,W,L,W748L,0.075924,-3.7193,C6-36
748,W,M,W748M,0.024486,-5.3519,C6-36
748,W,N,W748N,0.026656,-5.2294,C6-36
748,W,P,W748P,0.010793,-6.5338,C6-36
748,W,Q,W748Q,0.020066,-5.6391,C6-36
748,W,R,W748R,0.013909999999999999,-6.1677,C6-36
748,W,S,W748S,0.006708499999999999,-7.2198,C6-36
748,W,T,W748T,0.012529,-6.3186,C6-36
748,W,V,W748V,0.019415,-5.6867,C6-36
748,W,W,W748W,1.0,0.0,C6-36
748,W,Y,W748Y,0.12803,-2.9654,C6-36
749,S,*,S749*,0.077685,-3.6862,C6-36
749,S,A,S749A,1.2595,0.33281,C6-36
749,S,C,S749C,0.72469,-0.46456000000000003,C6-36
749,S,D,S749D,0.050395999999999996,-4.3105,C6-36
749,S,E,S749E,0.21181999999999998,-2.2391,C6-36
749,S,F,S749F,0.099692,-3.3264,C6-36
749,S,G,S749G,0.64426,-0.6342899999999999,C6-36
749,S,H,S749H,0.049625999999999997,-4.3328,C6-36
749,S,I,S749I,0.15449000000000002,-2.6944,C6-36
749,S,K,S749K,2.2281,1.1558,C6-36
749,S,L,S749L,0.43178,-1.2116,C6-36
749,S,M,S749M,0.42408,-1.2376,C6-36
749,S,N,S749N,0.49395,-1.0176,C6-36
749,S,P,S749P,0.31096,-1.6852,C6-36
749,S,Q,S749Q,1.1866,0.24686,C6-36
749,S,R,S749R,0.7412,-0.43206999999999995,C6-36
749,S,S,S749S,1.0,0.0,C6-36
749,S,T,S749T,0.48878,-1.0328,C6-36
749,S,V,S749V,0.21511999999999998,-2.2168,C6-36
749,S,W,S749W,0.080216,-3.64,C6-36
749,S,Y,S749Y,0.13061,-2.9366,C6-36
750,I,*,I750*,0.055103,-4.1817,C6-36
750,I,A,I750A,0.43838999999999995,-1.1897,C6-36
750,I,C,I750C,0.82435,-0.27868000000000004,C6-36
750,I,D,I750D,0.041777999999999996,-4.5811,C6-36
750,I,E,I750E,0.049302,-4.3422,C6-36
750,I,F,I750F,0.13905,-2.8463,C6-36
750,I,G,I750G,0.15606,-2.6798,C6-36
750,I,H,I750H,0.45398999999999995,-1.1393,C6-36
750,I,I,I750I,1.0,0.0,C6-36
750,I,K,I750K,0.33446,-1.5801,C6-36
750,I,L,I750L,0.5088600000000001,-0.97467,C6-36
750,I,M,I750M,0.33908,-1.5603,C6-36
750,I,N,I750N,0.53033,-0.9150299999999999,C6-36
750,I,P,I750P,0.011365,-6.4592,C6-36
750,I,Q,I750Q,0.070074,-3.835,C6-36
750,I,R,I750R,0.13787,-2.8586,C6-36
750,I,S,I750S,0.14046,-2.8318,C6-36
750,I,T,I750T,1.1241,0.16874,C6-36
750,I,V,I750V,1.3031,0.38195,C6-36
750,I,W,I750W,0.053377999999999995,-4.2276,C6-36
750,I,Y,I750Y,0.12721,-2.9747,C6-36
751,R,*,R751*,0.061525,-4.0227,C6-36
751,R,A,R751A,0.47126999999999997,-1.0854,C6-36
751,R,C,R751C,0.7175699999999999,-0.47881999999999997,C6-36
751,R,D,R751D,0.081291,-3.6208,C6-36
751,R,E,R751E,0.08933200000000001,-3.4847,C6-36
751,R,F,R751F,0.63046,-0.66552,C6-36
751,R,G,R751G,0.25085,-1.9951,C6-36
751,R,H,R751H,0.9197799999999999,-0.12065,C6-36
751,R,I,R751I,0.26364,-1.9234,C6-36
751,R,K,R751K,0.89361,-0.16227,C6-36
751,R,L,R751L,0.46042,-1.119,C6-36
751,R,M,R751M,1.0606,0.08482100000000001,C6-36
751,R,N,R751N,0.34541,-1.5336,C6-36
751,R,P,R751P,0.2118,-2.2392,C6-36
751,R,Q,R751Q,0.20347,-2.2971,C6-36
751,R,R,R751R,1.0,0.0,C6-36
751,R,S,R751S,0.49898000000000003,-1.0029,C6-36
751,R,T,R751T,0.8481700000000001,-0.23756999999999998,C6-36
751,R,V,R751V,0.43232,-1.2098,C6-36
751,R,W,R751W,0.11191,-3.1596,C6-36
751,R,Y,R751Y,0.13681,-2.8698,C6-36
752,E,*,E752*,0.028051999999999997,-5.1558,C6-36
752,E,A,E752A,0.38743,-1.368,C6-36
752,E,C,E752C,0.041107,-4.6045,C6-36
752,E,D,E752D,0.45155,-1.147,C6-36
752,E,E,E752E,1.0,0.0,C6-36
752,E,F,E752F,0.033872,-4.8838,C6-36
752,E,G,E752G,0.28324,-1.8199,C6-36
752,E,H,E752H,0.22184,-2.1724,C6-36
752,E,I,E752I,0.06402100000000001,-3.9653,C6-36
752,E,K,E752K,0.044201,-4.4998,C6-36
752,E,L,E752L,0.012689,-6.3003,C6-36
752,E,M,E752M,0.10905999999999999,-3.1968,C6-36
752,E,N,E752N,0.042366,-4.561,C6-36
752,E,P,E752P,0.23756999999999998,-2.0736,C6-36
752,E,Q,E752Q,0.49763999999999997,-1.0068,C6-36
752,E,R,E752R,0.013528,-6.2079,C6-36
752,E,S,E752S,0.47394,-1.0772,C6-36
752,E,T,E752T,0.41941000000000006,-1.2536,C6-36
752,E,V,E752V,0.034501,-4.8572,C6-36
752,E,W,E752W,0.034606,-4.8528,C6-36
752,E,Y,E752Y,0.81271,-0.29919,C6-36
753,T,*,T753*,0.07766,-3.6867,C6-36
753,T,A,T753A,0.14160999999999999,-2.82,C6-36
753,T,C,T753C,0.16713,-2.5810000000000004,C6-36
753,T,D,T753D,0.07677300000000001,-3.7033,C6-36
753,T,E,T753E,0.065945,-3.9226,C6-36
753,T,F,T753F,0.061729,-4.0179,C6-36
753,T,G,T753G,0.024850999999999998,-5.3305,C6-36
753,T,H,T753H,0.038741000000000005,-4.69,C6-36
753,T,I,T753I,0.06661,-3.9081,C6-36
753,T,K,T753K,0.06661,-3.9081,C6-36
753,T,L,T753L,0.025162,-5.3126,C6-36
753,T,M,T753M,0.14773,-2.7589,C6-36
753,T,N,T753N,0.34565999999999997,-1.5326,C6-36
753,T,P,T753P,1.1141,0.15587,C6-36
753,T,Q,T753Q,0.20214000000000001,-2.3066,C6-36
753,T,R,T753R,0.016508000000000002,-5.9207,C6-36
753,T,S,T753S,0.47386000000000006,-1.0775,C6-36
753,T,T,T753T,1.0,0.0,C6-36
753,T,V,T753V,0.20831,-2.2632,C6-36
753,T,W,T753W,0.058001,-4.1078,C6-36
753,T,Y,T753Y,0.058667,-4.0913,C6-36
754,A,*,A754*,0.07437300000000001,-3.7491,C6-36
754,A,A,A754A,1.0,0.0,C6-36
754,A,C,A754C,0.62215,-0.68466,C6-36
754,A,D,A754D,0.049826,-4.3269,C6-36
754,A,E,A754E,0.069857,-3.8394,C6-36
754,A,F,A754F,0.066075,-3.9198,C6-36
754,A,G,A754G,0.48622,-1.0403,C6-36
754,A,H,A754H,0.045928,-4.4445,C6-36
754,A,I,A754I,0.061984000000000004,-4.012,C6-36
754,A,K,A754K,0.08572,-3.5442,C6-36
754,A,L,A754L,0.023196,-5.43,C6-36
754,A,M,A754M,0.062679,-3.9959,C6-36
754,A,N,A754N,0.07915900000000001,-3.6591,C6-36
754,A,P,A754P,0.017368,-5.8474,C6-36
754,A,Q,A754Q,0.06364299999999999,-3.9738,C6-36
754,A,R,A754R,0.021613,-5.5319,C6-36
754,A,S,A754S,0.7834,-0.35217,C6-36
754,A,T,A754T,0.077885,-3.6825,C6-36
754,A,V,A754V,0.0097646,-6.6782,C6-36
754,A,W,A754W,0.067773,-3.8831,C6-36
754,A,Y,A754Y,0.090892,-3.4597,C6-36
755,C,*,C755*,0.070155,-3.8333,C6-36
755,C,A,C755A,1.111,0.15192,C6-36
755,C,C,C755C,1.0,0.0,C6-36
755,C,D,C755D,0.05935700000000001,-4.0744,C6-36
755,C,E,C755E,0.038911,-4.6837,C6-36
755,C,F,C755F,0.047281000000000004,-4.4026,C6-36
755,C,G,C755G,1.2232,0.29064,C6-36
755,C,H,C755H,0.039678,-4.6555,C6-36
755,C,I,C755I,0.043512,-4.5225,C6-36
755,C,K,C755K,0.039359,-4.6672,C6-36
755,C,L,C755L,0.014376,-6.1202,C6-36
755,C,M,C755M,0.15213,-2.7166,C6-36
755,C,N,C755N,0.047473,-4.3967,C6-36
755,C,P,C755P,0.11999000000000001,-3.0589999999999997,C6-36
755,C,Q,C755Q,0.046323,-4.4321,C6-36
755,C,R,C755R,0.057313,-4.125,C6-36
755,C,S,C755S,1.4295,0.5155,C6-36
755,C,T,C755T,0.5112800000000001,-0.9678200000000001,C6-36
755,C,V,C755V,0.23858000000000001,-2.0675,C6-36
755,C,W,C755W,0.07712000000000001,-3.6968,C6-36
755,C,Y,C755Y,0.02281,-5.4542,C6-36
756,L,*,L756*,0.061878999999999997,-4.0144,C6-36
756,L,A,L756A,0.16767,-2.5763,C6-36
756,L,C,L756C,0.55992,-0.8367,C6-36
756,L,D,L756D,0.06550399999999999,-3.9323,C6-36
756,L,E,L756E,0.063712,-3.9723,C6-36
756,L,F,L756F,0.014299000000000001,-6.127999999999999,C6-36
756,L,G,L756G,0.124,-3.0116,C6-36
756,L,H,L756H,0.058294000000000006,-4.1005,C6-36
756,L,I,L756I,0.052998,-4.2379,C6-36
756,L,K,L756K,0.07381499999999999,-3.76,C6-36
756,L,L,L756L,1.0,0.0,C6-36
756,L,M,L756M,0.38431,-1.3797,C6-36
756,L,N,L756N,0.086524,-3.5307,C6-36
756,L,P,L756P,0.13712,-2.8665,C6-36
756,L,Q,L756Q,0.049006,-4.3509,C6-36
756,L,R,L756R,0.036704,-4.7679,C6-36
756,L,S,L756S,0.19554000000000002,-2.3545,C6-36
756,L,T,L756T,0.049169,-4.3461,C6-36
756,L,V,L756V,0.13732,-2.8644,C6-36
756,L,W,L756W,0.055524000000000004,-4.1707,C6-36
756,L,Y,L756Y,0.70034,-0.5138699999999999,C6-36
757,A,*,A757*,0.046402,-4.4297,C6-36
757,A,A,A757A,1.0,0.0,C6-36
757,A,C,A757C,0.044636,-4.4856,C6-36
757,A,D,A757D,0.048514,-4.3654,C6-36
757,A,E,A757E,0.043009,-4.5392,C6-36
757,A,F,A757F,0.043528,-4.5219,C6-36
757,A,G,A757G,0.99765,-0.0034012,C6-36
757,A,H,A757H,0.034698,-4.849,C6-36
757,A,I,A757I,0.046956,-4.4125,C6-36
757,A,K,A757K,0.075975,-3.7183,C6-36
757,A,L,A757L,0.016206,-5.9473,C6-36
757,A,M,A757M,0.053015999999999994,-4.2374,C6-36
757,A,N,A757N,0.045017,-4.4734,C6-36
757,A,P,A757P,0.009973000000000001,-6.6478,C6-36
757,A,Q,A757Q,0.056271,-4.1515,C6-36
757,A,R,A757R,0.012709,-6.297999999999999,C6-36
757,A,S,A757S,0.70396,-0.50643,C6-36
757,A,T,A757T,0.073031,-3.7753,C6-36
757,A,V,A757V,0.0090034,-6.7953,C6-36
757,A,W,A757W,0.038749,-4.6897,C6-36
757,A,Y,A757Y,0.063439,-3.9785,C6-36
758,K,*,K758*,0.031538,-4.9868,C6-36
758,K,A,K758A,0.014044999999999998,-6.1538,C6-36
758,K,C,K758C,0.033627,-4.8943,C6-36
758,K,D,K758D,0.035766,-4.8052,C6-36
758,K,E,K758E,0.13563,-2.8823,C6-36
758,K,F,K758F,0.044937,-4.4759,C6-36
758,K,G,K758G,0.013772999999999999,-6.182,C6-36
758,K,H,K758H,0.026392000000000002,-5.2438,C6-36
758,K,I,K758I,0.032455,-4.9454,C6-36
758,K,K,K758K,1.0,0.0,C6-36
758,K,L,K758L,0.011056,-6.499,C6-36
758,K,M,K758M,0.033644,-4.8935,C6-36
758,K,N,K758N,0.016966,-5.8812,C6-36
758,K,P,K758P,0.011192,-6.4814,C6-36
758,K,Q,K758Q,0.028243,-5.146,C6-36
758,K,R,K758R,0.11639000000000001,-3.103,C6-36
758,K,S,K758S,0.010818000000000001,-6.5304,C6-36
758,K,T,K758T,0.029653,-5.0757,C6-36
758,K,V,K758V,0.017797999999999998,-5.8121,C6-36
758,K,W,K758W,0.023809999999999998,-5.3923,C6-36
758,K,Y,K758Y,0.030552999999999997,-5.0326,C6-36
759,S,*,S759*,0.027971,-5.1599,C6-36
759,S,A,S759A,0.022328,-5.485,C6-36
759,S,C,S759C,0.030699,-5.0257,C6-36
759,S,D,S759D,0.030848,-5.0187,C6-36
759,S,E,S759E,0.043741,-4.5149,C6-36
759,S,F,S759F,0.031297000000000005,-4.9978,C6-36
759,S,G,S759G,0.018666,-5.7434,C6-36
759,S,H,S759H,0.023505,-5.4109,C6-36
759,S,I,S759I,0.032306,-4.9521,C6-36
759,S,K,S759K,0.051233,-4.2868,C6-36
759,S,L,S759L,0.0064462,-7.2773,C6-36
759,S,M,S759M,0.030512,-5.0345,C6-36
759,S,N,S759N,0.19994,-2.3223,C6-36
759,S,P,S759P,0.063472,-3.9777,C6-36
759,S,Q,S759Q,0.032661,-4.9363,C6-36
759,S,R,S759R,0.010594,-6.5606,C6-36
759,S,S,S759S,1.0,0.0,C6-36
759,S,T,S759T,0.13074000000000002,-2.9353,C6-36
759,S,V,S759V,0.018049000000000003,-5.7919,C6-36
759,S,W,S759W,0.038359,-4.7043,C6-36
759,S,Y,S759Y,0.025075,-5.3176,C6-36
760,Y,*,Y760*,0.053774,-4.2169,C6-36
760,Y,A,Y760A,0.011229000000000001,-6.4766,C6-36
760,Y,C,Y760C,0.15270999999999998,-2.7111,C6-36
760,Y,D,Y760D,0.025644,-5.2852,C6-36
760,Y,E,Y760E,0.031233999999999998,-5.0007,C6-36
760,Y,F,Y760F,0.018932,-5.723,C6-36
760,Y,G,Y760G,0.010986,-6.5082,C6-36
760,Y,H,Y760H,0.13566,-2.8819,C6-36
760,Y,I,Y760I,0.01747,-5.8389999999999995,C6-36
760,Y,K,Y760K,0.027773000000000003,-5.1702,C6-36
760,Y,L,Y760L,0.0065490999999999995,-7.2545,C6-36
760,Y,M,Y760M,0.023759,-5.3954,C6-36
760,Y,N,Y760N,0.020037,-5.6412,C6-36
760,Y,P,Y760P,0.0070691,-7.1442,C6-36
760,Y,Q,Y760Q,0.022052000000000002,-5.5029,C6-36
760,Y,R,Y760R,0.0072967,-7.0985,C6-36
760,Y,S,Y760S,0.010336,-6.5962,C6-36
760,Y,T,Y760T,0.009409299999999999,-6.7317,C6-36
760,Y,V,Y760V,0.012594,-6.3111,C6-36
760,Y,W,Y760W,0.020557,-5.6042,C6-36
760,Y,Y,Y760Y,1.0,0.0,C6-36
761,A,*,A761*,0.020957,-5.5764,C6-36
761,A,A,A761A,1.0,0.0,C6-36
761,A,C,A761C,0.024814,-5.3327,C6-36
761,A,D,A761D,0.020074,-5.6385,C6-36
761,A,E,A761E,0.040637,-4.6211,C6-36
761,A,F,A761F,0.021956,-5.5092,C6-36
761,A,G,A761G,0.69765,-0.51942,C6-36
761,A,H,A761H,0.022444,-5.4775,C6-36
761,A,I,A761I,0.033364,-4.9056,C6-36
761,A,K,A761K,0.02026,-5.6252,C6-36
761,A,L,A761L,0.008829,-6.8235,C6-36
761,A,M,A761M,0.01882,-5.7316,C6-36
761,A,N,A761N,0.018169,-5.7824,C6-36
761,A,P,A761P,0.0078764,-6.9882,C6-36
761,A,Q,A761Q,0.02737,-5.1913,C6-36
761,A,R,A761R,0.0084108,-6.8935,C6-36
761,A,S,A761S,0.15774000000000002,-2.6644,C6-36
761,A,T,A761T,0.11495999999999999,-3.1208,C6-36
761,A,V,A761V,0.014359,-6.1219,C6-36
761,A,W,A761W,0.023908000000000002,-5.3864,C6-36
761,A,Y,A761Y,0.020818,-5.586,C6-36
762,Q,*,Q762*,0.07375,-3.7612,C6-36
762,Q,A,Q762A,0.013472,-6.2139,C6-36
762,Q,C,Q762C,0.3759,-1.4116,C6-36
762,Q,D,Q762D,0.040635000000000004,-4.6211,C6-36
762,Q,E,Q762E,0.03096,-5.0134,C6-36
762,Q,F,Q762F,0.038189,-4.7107,C6-36
762,Q,G,Q762G,0.015553,-6.0067,C6-36
762,Q,H,Q762H,0.79693,-0.32747,C6-36
762,Q,I,Q762I,0.030302999999999997,-5.0444,C6-36
762,Q,K,Q762K,0.13863,-2.8507,C6-36
762,Q,L,Q762L,0.30778,-1.7,C6-36
762,Q,M,Q762M,0.10336,-3.2743,C6-36
762,Q,N,Q762N,0.2851,-1.8104,C6-36
762,Q,P,Q762P,0.007520999999999999,-7.0549,C6-36
762,Q,Q,Q762Q,1.0,0.0,C6-36
762,Q,R,Q762R,0.23604,-2.0829,C6-36
762,Q,S,Q762S,0.010734,-6.5417,C6-36
762,Q,T,Q762T,0.062724,-3.9948,C6-36
762,Q,V,Q762V,0.019058000000000002,-5.7135,C6-36
762,Q,W,Q762W,0.038335,-4.7052,C6-36
762,Q,Y,Q762Y,0.025958,-5.2677,C6-36
763,M,*,M763*,0.032631,-4.9376,C6-36
763,M,A,M763A,0.08565700000000001,-3.5453,C6-36
763,M,C,M763C,0.26774000000000003,-1.9011,C6-36
763,M,D,M763D,0.047719,-4.3893,C6-36
763,M,E,M763E,0.072113,-3.7936,C6-36
763,M,F,M763F,0.039007,-4.6801,C6-36
763,M,G,M763G,0.020909,-5.5797,C6-36
763,M,H,M763H,0.9638,-0.053187,C6-36
763,M,I,M763I,0.085023,-3.556,C6-36
763,M,K,M763K,0.034849,-4.8428,C6-36
763,M,L,M763L,0.14795,-2.7568,C6-36
763,M,M,M763M,1.0,0.0,C6-36
763,M,N,M763N,0.046056,-4.4405,C6-36
763,M,P,M763P,0.020315,-5.6213,C6-36
763,M,Q,M763Q,0.11360999999999999,-3.1378,C6-36
763,M,R,M763R,0.019088,-5.7112,C6-36
763,M,S,M763S,0.033581,-4.8962,C6-36
763,M,T,M763T,0.19088,-2.3893,C6-36
763,M,V,M763V,0.017741,-5.8168,C6-36
763,M,W,M763W,0.031324,-4.9966,C6-36
763,M,Y,M763Y,0.69,-0.53532,C6-36
764,W,*,W764*,0.005418399999999999,-7.5279,C6-36
764,W,A,W764A,0.024697999999999998,-5.3395,C6-36
764,W,C,W764C,0.026318,-5.2478,C6-36
764,W,D,W764D,0.07634400000000001,-3.7113,C6-36
764,W,E,W764E,0.045616000000000004,-4.4543,C6-36
764,W,F,W764F,0.055211,-4.1789,C6-36
764,W,G,W764G,0.08367100000000001,-3.5791,C6-36
764,W,H,W764H,0.039441000000000004,-4.6642,C6-36
764,W,I,W764I,0.051142,-4.2893,C6-36
764,W,K,W764K,0.059999000000000004,-4.0589,C6-36
764,W,L,W764L,0.013447,-6.2166,C6-36
764,W,M,W764M,0.046678,-4.4211,C6-36
764,W,N,W764N,0.062753,-3.9942,C6-36
764,W,P,W764P,0.017875,-5.8059,C6-36
764,W,Q,W764Q,0.042898,-4.543,C6-36
764,W,R,W764R,0.029144,-5.1006,C6-36
764,W,S,W764S,0.018344,-5.7686,C6-36
764,W,T,W764T,0.02441,-5.3564,C6-36
764,W,V,W764V,0.018037,-5.7929,C6-36
764,W,W,W764W,1.0,0.0,C6-36
764,W,Y,W764Y,0.058739,-4.0895,C6-36
765,Q,*,Q765*,0.07074,-3.8213,C6-36
765,Q,A,Q765A,0.073645,-3.7633,C6-36
765,Q,C,Q765C,0.1131,-3.1443,C6-36
765,Q,D,Q765D,0.028267,-5.1447,C6-36
765,Q,E,Q765E,0.022746000000000002,-5.4582,C6-36
765,Q,F,Q765F,0.047994,-4.381,C6-36
765,Q,G,Q765G,0.012279,-6.3477,C6-36
765,Q,H,Q765H,0.37628,-1.4101,C6-36
765,Q,I,Q765I,0.042128,-4.5691,C6-36
765,Q,K,Q765K,0.1154,-3.1153,C6-36
765,Q,L,Q765L,0.055615,-4.1684,C6-36
765,Q,M,Q765M,0.24463000000000001,-2.0313,C6-36
765,Q,N,Q765N,0.060128999999999995,-4.0558,C6-36
765,Q,P,Q765P,0.0053199,-7.5544,C6-36
765,Q,Q,Q765Q,1.0,0.0,C6-36
765,Q,R,Q765R,0.13932,-2.8435,C6-36
765,Q,S,Q765S,0.22128,-2.1761,C6-36
765,Q,T,Q765T,0.12451,-3.0056,C6-36
765,Q,V,Q765V,0.039597,-4.6585,C6-36
765,Q,W,Q765W,0.031661,-4.9812,C6-36
765,Q,Y,Q765Y,0.050927,-4.2954,C6-36
766,L,*,L766*,0.027623,-5.178,C6-36
766,L,A,L766A,0.0087988,-6.8285,C6-36
766,L,C,L766C,0.076097,-3.716,C6-36
766,L,D,L766D,0.023384000000000002,-5.4184,C6-36
766,L,E,L766E,0.026636,-5.2305,C6-36
766,L,F,L766F,0.012318,-6.343,C6-36
766,L,G,L766G,0.010532,-6.5691,C6-36
766,L,H,L766H,0.012745000000000001,-6.2939,C6-36
766,L,I,L766I,0.16968,-2.5591,C6-36
766,L,K,L766K,0.037195,-4.7487,C6-36
766,L,L,L766L,1.0,0.0,C6-36
766,L,M,L766M,0.49108,-1.026,C6-36
766,L,N,L766N,0.02141,-5.5455,C6-36
766,L,P,L766P,0.021863999999999998,-5.5153,C6-36
766,L,Q,L766Q,0.039941000000000004,-4.646,C6-36
766,L,R,L766R,0.0066391,-7.2348,C6-36
766,L,S,L766S,0.0069057,-7.178,C6-36
766,L,T,L766T,0.093294,-3.4221,C6-36
766,L,V,L766V,0.53766,-0.89523,C6-36
766,L,W,L766W,0.019837,-5.6556,C6-36
766,L,Y,L766Y,0.022664,-5.4635,C6-36
767,L,*,L767*,0.037478,-4.7378,C6-36
767,L,A,L767A,0.019631,-5.6707,C6-36
767,L,C,L767C,0.081648,-3.6144,C6-36
767,L,D,L767D,0.047145,-4.4068,C6-36
767,L,E,L767E,0.04417,-4.5008,C6-36
767,L,F,L767F,4.4451,2.1522,C6-36
767,L,G,L767G,0.017995,-5.7962,C6-36
767,L,H,L767H,3.5495,1.8276,C6-36
767,L,I,L767I,0.5414899999999999,-0.8849799999999999,C6-36
767,L,K,L767K,0.049673,-4.3314,C6-36
767,L,L,L767L,1.0,0.0,C6-36
767,L,M,L767M,3.738,1.9022,C6-36
767,L,N,L767N,0.46535,-1.1036,C6-36
767,L,P,L767P,0.038965,-4.6817,C6-36
767,L,Q,L767Q,0.034503,-4.8571,C6-36
767,L,R,L767R,0.015466999999999998,-6.0147,C6-36
767,L,S,L767S,0.016359000000000002,-5.9337,C6-36
767,L,T,L767T,0.021416,-5.5452,C6-36
767,L,V,L767V,0.1398,-2.8386,C6-36
767,L,W,L767W,0.035842,-4.8022,C6-36
767,L,Y,L767Y,0.53257,-0.90896,C6-36
768,Y,*,Y768*,0.040406,-4.6293,C6-36
768,Y,A,Y768A,0.027531,-5.1828,C6-36
768,Y,C,Y768C,1.1693,0.22559,C6-36
768,Y,D,Y768D,0.07108300000000001,-3.8143,C6-36
768,Y,E,Y768E,0.060688,-4.0424,C6-36
768,Y,F,Y768F,0.098201,-3.3481,C6-36
768,Y,G,Y768G,0.028262,-5.145,C6-36
768,Y,H,Y768H,0.147,-2.7661,C6-36
768,Y,I,Y768I,0.14967,-2.7401,C6-36
768,Y,K,Y768K,0.043203,-4.5327,C6-36
768,Y,L,Y768L,0.017897999999999997,-5.8041,C6-36
768,Y,M,Y768M,0.036877,-4.7611,C6-36
768,Y,N,Y768N,0.063072,-3.9869,C6-36
768,Y,P,Y768P,0.008933100000000001,-6.8066,C6-36
768,Y,Q,Y768Q,0.04883,-4.3561,C6-36
768,Y,R,Y768R,0.024065,-5.3769,C6-36
768,Y,S,Y768S,0.023525,-5.4097,C6-36
768,Y,T,Y768T,0.036368,-4.7812,C6-36
768,Y,V,Y768V,0.024955,-5.3245,C6-36
768,Y,W,Y768W,0.059194000000000004,-4.0784,C6-36
768,Y,Y,Y768Y,1.0,0.0,C6-36
769,F,*,F769*,0.033082,-4.9178,C6-36
769,F,A,F769A,0.009934700000000001,-6.6533,C6-36
769,F,C,F769C,0.043218,-4.5322,C6-36
769,F,D,F769D,0.021897,-5.5131,C6-36
769,F,E,F769E,0.037424,-4.7399,C6-36
769,F,F,F769F,1.0,0.0,C6-36
769,F,G,F769G,0.014277000000000001,-6.1302,C6-36
769,F,H,F769H,0.015326,-6.0279,C6-36
769,F,I,F769I,0.019409,-5.6871,C6-36
769,F,K,F769K,0.024225999999999998,-5.3673,C6-36
769,F,L,F769L,0.06820599999999999,-3.8739999999999997,C6-36
769,F,M,F769M,0.022558,-5.4702,C6-36
769,F,N,F769N,0.019007,-5.7173,C6-36
769,F,P,F769P,0.0087558,-6.8355,C6-36
769,F,Q,F769Q,0.02181,-5.5188,C6-36
769,F,R,F769R,0.0079794,-6.9695,C6-36
769,F,S,F769S,0.008497,-6.8788,C6-36
769,F,T,F769T,0.0077638,-7.0089999999999995,C6-36
769,F,V,F769V,0.011818,-6.4029,C6-36
769,F,W,F769W,0.025994,-5.2657,C6-36
769,F,Y,F769Y,0.016577,-5.9147,C6-36
770,H,*,H770*,0.035343,-4.8224,C6-36
770,H,A,H770A,0.096412,-3.3746,C6-36
770,H,C,H770C,0.033632,-4.894,C6-36
770,H,D,H770D,0.025838,-5.2744,C6-36
770,H,E,H770E,0.042635,-4.5518,C6-36
770,H,F,H770F,0.030097000000000002,-5.0542,C6-36
770,H,G,H770G,0.055172000000000006,-4.1799,C6-36
770,H,H,H770H,1.0,0.0,C6-36
770,H,I,H770I,0.023568000000000002,-5.407,C6-36
770,H,K,H770K,0.02009,-5.6374,C6-36
770,H,L,H770L,0.0061757,-7.3392,C6-36
770,H,M,H770M,0.026749000000000002,-5.2244,C6-36
770,H,N,H770N,0.015216,-6.0383,C6-36
770,H,P,H770P,0.004855,-7.6863,C6-36
770,H,Q,H770Q,0.034207999999999995,-4.8695,C6-36
770,H,R,H770R,0.10515,-3.2494,C6-36
770,H,S,H770S,0.20103,-2.3145,C6-36
770,H,T,H770T,0.008073100000000001,-6.9527,C6-36
770,H,V,H770V,0.017838999999999997,-5.8088,C6-36
770,H,W,H770W,0.036961,-4.7578,C6-36
770,H,Y,H770Y,0.041091,-4.605,C6-36
771,R,*,R771*,0.023652,-5.4019,C6-36
771,R,A,R771A,0.016156999999999998,-5.9517,C6-36
771,R,C,R771C,0.043216000000000004,-4.5323,C6-36
771,R,D,R771D,0.027875999999999998,-5.1648,C6-36
771,R,E,R771E,0.032412,-4.9473,C6-36
771,R,F,R771F,0.037064,-4.7538,C6-36
771,R,G,R771G,0.20452,-2.2897,C6-36
771,R,H,R771H,0.028947000000000004,-5.1104,C6-36
771,R,I,R771I,0.047401,-4.3989,C6-36
771,R,K,R771K,0.27337,-1.8711,C6-36
771,R,L,R771L,0.0099864,-6.6458,C6-36
771,R,M,R771M,0.029317000000000003,-5.0921,C6-36
771,R,N,R771N,0.023594,-5.4055,C6-36
771,R,P,R771P,0.015418000000000001,-6.0193,C6-36
771,R,Q,R771Q,0.036519,-4.7752,C6-36
771,R,R,R771R,1.0,0.0,C6-36
771,R,S,R771S,0.010278,-6.6042,C6-36
771,R,T,R771T,0.012029999999999999,-6.3772,C6-36
771,R,V,R771V,0.017306000000000002,-5.8526,C6-36
771,R,W,R771W,0.029979000000000002,-5.0599,C6-36
771,R,Y,R771Y,0.027623,-5.178,C6-36
772,R,*,R772*,0.049933,-4.3238,C6-36
772,R,A,R772A,0.018413,-5.7631,C6-36
772,R,C,R772C,0.038959,-4.6819,C6-36
772,R,D,R772D,0.043789999999999996,-4.5133,C6-36
772,R,E,R772E,0.042149,-4.5684,C6-36
772,R,F,R772F,0.044355,-4.4948,C6-36
772,R,G,R772G,0.14194,-2.8166,C6-36
772,R,H,R772H,0.033799,-4.8869,C6-36
772,R,I,R772I,0.030044,-5.0568,C6-36
772,R,K,R772K,0.041985,-4.574,C6-36
772,R,L,R772L,0.012433,-6.3297,C6-36
772,R,M,R772M,0.038138,-4.7126,C6-36
772,R,N,R772N,0.038102,-4.7139999999999995,C6-36
772,R,P,R772P,0.011886,-6.3946,C6-36
772,R,Q,R772Q,0.031831,-4.9734,C6-36
772,R,R,R772R,1.0,0.0,C6-36
772,R,S,R772S,0.068255,-3.8729,C6-36
772,R,T,R772T,0.016025,-5.9636,C6-36
772,R,V,R772V,0.02875,-5.1203,C6-36
772,R,W,R772W,0.053415,-4.2266,C6-36
772,R,Y,R772Y,0.038849,-4.686,C6-36
773,D,*,D773*,0.06502000000000001,-3.943,C6-36
773,D,A,D773A,0.054534000000000006,-4.1967,C6-36
773,D,C,D773C,0.060447,-4.0482,C6-36
773,D,D,D773D,1.0,0.0,C6-36
773,D,E,D773E,0.042048,-4.5718,C6-36
773,D,F,D773F,0.04621,-4.4356,C6-36
773,D,G,D773G,0.0024293,-8.6852,C6-36
773,D,H,D773H,0.040833999999999995,-4.6141,C6-36
773,D,I,D773I,0.042191,-4.5669,C6-36
773,D,K,D773K,0.040405,-4.6293,C6-36
773,D,L,D773L,0.022292,-5.4873,C6-36
773,D,M,D773M,0.049051,-4.3496,C6-36
773,D,N,D773N,0.010664,-6.5511,C6-36
773,D,P,D773P,0.013058000000000002,-6.2589999999999995,C6-36
773,D,Q,D773Q,0.049014999999999996,-4.3506,C6-36
773,D,R,D773R,0.023436000000000002,-5.4151,C6-36
773,D,S,D773S,0.013415,-6.22,C6-36
773,D,T,D773T,0.018184,-5.7812,C6-36
773,D,V,D773V,0.047747000000000005,-4.3885,C6-36
773,D,W,D773W,0.12052,-3.0527,C6-36
773,D,Y,D773Y,0.02474,-5.337000000000001,C6-36
774,L,*,L774*,0.034073,-4.8752,C6-36
774,L,A,L774A,0.014379,-6.1199,C6-36
774,L,C,L774C,0.060185,-4.0545,C6-36
774,L,D,L774D,0.031427,-4.9919,C6-36
774,L,E,L774E,0.036833,-4.7628,C6-36
774,L,F,L774F,0.046932999999999996,-4.4132,C6-36
774,L,G,L774G,0.018244,-5.7764,C6-36
774,L,H,L774H,0.024755000000000003,-5.3361,C6-36
774,L,I,L774I,0.15824000000000002,-2.6598,C6-36
774,L,K,L774K,0.025537,-5.2913,C6-36
774,L,L,L774L,1.0,0.0,C6-36
774,L,M,L774M,0.27175,-1.8796,C6-36
774,L,N,L774N,0.030691000000000003,-5.0261,C6-36
774,L,P,L774P,0.17674,-2.5003,C6-36
774,L,Q,L774Q,0.02043,-5.6132,C6-36
774,L,R,L774R,0.015828000000000002,-5.9813,C6-36
774,L,S,L774S,0.011641,-6.4246,C6-36
774,L,T,L774T,0.011641,-6.4246,C6-36
774,L,V,L774V,0.24770999999999999,-2.0133,C6-36
774,L,W,L774W,0.034533,-4.8559,C6-36
774,L,Y,L774Y,0.029057,-5.105,C6-36
775,R,*,R775*,0.029762,-5.0704,C6-36
775,R,A,R775A,0.013409,-6.2207,C6-36
775,R,C,R775C,0.035082,-4.8331,C6-36
775,R,D,R775D,0.025054,-5.3188,C6-36
775,R,E,R775E,0.03533,-4.823,C6-36
775,R,F,R775F,0.038274,-4.7075,C6-36
775,R,G,R775G,0.020288,-5.6232,C6-36
775,R,H,R775H,0.020084,-5.6378,C6-36
775,R,I,R775I,0.030213999999999998,-5.0486,C6-36
775,R,K,R775K,0.027226,-5.1989,C6-36
775,R,L,R775L,0.0086138,-6.8591,C6-36
775,R,M,R775M,0.026162,-5.2564,C6-36
775,R,N,R775N,0.016863,-5.89,C6-36
775,R,P,R775P,0.0137,-6.1896,C6-36
775,R,Q,R775Q,0.009284200000000001,-6.751,C6-36
775,R,R,R775R,1.0,0.0,C6-36
775,R,S,R775S,0.010713,-6.5446,C6-36
775,R,T,R775T,0.010654,-6.5524,C6-36
775,R,V,R775V,0.021032,-5.5713,C6-36
775,R,W,R775W,0.036641,-4.7704,C6-36
775,R,Y,R775Y,0.029120999999999998,-5.1018,C6-36
776,L,*,L776*,0.046019,-4.4416,C6-36
776,L,A,L776A,0.027461000000000003,-5.1865,C6-36
776,L,C,L776C,0.048372000000000005,-4.3697,C6-36
776,L,D,L776D,0.05134,-4.2838,C6-36
776,L,E,L776E,0.057303,-4.1253,C6-36
776,L,F,L776F,0.048451999999999995,-4.3673,C6-36
776,L,G,L776G,0.027301,-5.1949,C6-36
776,L,H,L776H,0.025937,-5.2688,C6-36
776,L,I,L776I,0.18225999999999998,-2.456,C6-36
776,L,K,L776K,0.050483999999999994,-4.308,C6-36
776,L,L,L776L,1.0,0.0,C6-36
776,L,M,L776M,0.20413,-2.2925,C6-36
776,L,N,L776N,0.046633999999999995,-4.4225,C6-36
776,L,P,L776P,0.079737,-3.6486,C6-36
776,L,Q,L776Q,0.019172,-5.7048,C6-36
776,L,R,L776R,0.036018,-4.7951,C6-36
776,L,S,L776S,0.070137,-3.8337,C6-36
776,L,T,L776T,0.2371,-2.0764,C6-36
776,L,V,L776V,0.31234,-1.6788,C6-36
776,L,W,L776W,0.061073,-4.0333,C6-36
776,L,Y,L776Y,0.042730000000000004,-4.5486,C6-36
777,M,*,M777*,0.050957999999999996,-4.2945,C6-36
777,M,A,M777A,0.12728,-2.9739,C6-36
777,M,C,M777C,0.17948,-2.4781,C6-36
777,M,D,M777D,0.053236,-4.2314,C6-36
777,M,E,M777E,0.054107,-4.208,C6-36
777,M,F,M777F,0.039735,-4.6535,C6-36
777,M,G,M777G,0.025998,-5.2654,C6-36
777,M,H,M777H,0.029952,-5.0612,C6-36
777,M,I,M777I,0.42371000000000003,-1.2388,C6-36
777,M,K,M777K,0.037825,-4.7245,C6-36
777,M,L,M777L,1.0469,0.066083,C6-36
777,M,M,M777M,1.0,0.0,C6-36
777,M,N,M777N,0.025596,-5.2879,C6-36
777,M,P,M777P,0.0078062,-7.0012,C6-36
777,M,Q,M777Q,0.027002999999999996,-5.2107,C6-36
777,M,R,M777R,0.016852000000000002,-5.8909,C6-36
777,M,S,M777S,0.010251999999999999,-6.608,C6-36
777,M,T,M777T,0.059567999999999996,-4.0693,C6-36
777,M,V,M777V,0.038060000000000004,-4.7156,C6-36
777,M,W,M777W,0.061914,-4.0136,C6-36
777,M,Y,M777Y,0.034073,-4.8752,C6-36
778,A,*,A778*,0.059745000000000006,-4.065,C6-36
778,A,A,A778A,1.0,0.0,C6-36
778,A,C,A778C,0.036837,-4.7627,C6-36
778,A,D,A778D,0.06564,-3.9293,C6-36
778,A,E,A778E,0.054889,-4.1873,C6-36
778,A,F,A778F,0.053361,-4.2281,C6-36
778,A,G,A778G,0.64846,-0.6249100000000001,C6-36
778,A,H,A778H,0.018602,-5.7484,C6-36
778,A,I,A778I,0.042732,-4.5485,C6-36
778,A,K,A778K,0.045237,-4.4664,C6-36
778,A,L,A778L,0.011607,-6.4289,C6-36
778,A,M,A778M,0.066343,-3.9139,C6-36
778,A,N,A778N,0.025993000000000002,-5.2657,C6-36
778,A,P,A778P,0.0089496,-6.803999999999999,C6-36
778,A,Q,A778Q,0.03143,-4.9917,C6-36
778,A,R,A778R,0.013316999999999999,-6.2305,C6-36
778,A,S,A778S,0.63566,-0.65366,C6-36
778,A,T,A778T,0.10584,-3.2401,C6-36
778,A,V,A778V,0.036715,-4.7675,C6-36
778,A,W,A778W,0.059530999999999994,-4.0702,C6-36
778,A,Y,A778Y,0.033538,-4.8981,C6-36
779,N,*,N779*,0.068875,-3.8599,C6-36
779,N,A,N779A,0.026744,-5.2246,C6-36
779,N,C,N779C,0.09778099999999999,-3.3543,C6-36
779,N,D,N779D,0.06387899999999999,-3.9685,C6-36
779,N,E,N779E,0.080022,-3.6435,C6-36
779,N,F,N779F,0.12482,-3.0021,C6-36
779,N,G,N779G,0.033167,-4.9141,C6-36
779,N,H,N779H,0.053488,-4.2246,C6-36
779,N,I,N779I,0.046539,-4.4254,C6-36
779,N,K,N779K,0.026954000000000002,-5.2134,C6-36
779,N,L,N779L,0.021894999999999998,-5.5133,C6-36
779,N,M,N779M,0.051745000000000006,-4.2724,C6-36
779,N,N,N779N,1.0,0.0,C6-36
779,N,P,N779P,0.017235,-5.8586,C6-36
779,N,Q,N779Q,0.052270000000000004,-4.2579,C6-36
779,N,R,N779R,0.021307,-5.5525,C6-36
779,N,S,N779S,0.056867999999999995,-4.1363,C6-36
779,N,T,N779T,0.07477400000000001,-3.7413,C6-36
779,N,V,N779V,0.041395999999999995,-4.5944,C6-36
779,N,W,N779W,0.10057,-3.3137,C6-36
779,N,Y,N779Y,0.038856,-4.6857,C6-36
780,A,*,A780*,0.029069,-5.1044,C6-36
780,A,A,A780A,1.0,0.0,C6-36
780,A,C,A780C,0.020950999999999997,-5.5768,C6-36
780,A,D,A780D,0.017988,-5.7968,C6-36
780,A,E,A780E,0.0297,-5.0734,C6-36
780,A,F,A780F,0.022213999999999998,-5.4924,C6-36
780,A,G,A780G,0.083314,-3.5853,C6-36
780,A,H,A780H,0.014149,-6.1432,C6-36
780,A,I,A780I,0.01911,-5.7095,C6-36
780,A,K,A780K,0.025913,-5.2702,C6-36
780,A,L,A780L,0.0064694999999999996,-7.2721,C6-36
780,A,M,A780M,0.028033999999999996,-5.1567,C6-36
780,A,N,A780N,0.016516,-5.92,C6-36
780,A,P,A780P,0.0038396,-8.0248,C6-36
780,A,Q,A780Q,0.022161,-5.4958,C6-36
780,A,R,A780R,0.006644800000000001,-7.2336,C6-36
780,A,S,A780S,0.32502,-1.6214,C6-36
780,A,T,A780T,0.029963,-5.0607,C6-36
780,A,V,A780V,0.0050494,-7.6297,C6-36
780,A,W,A780W,0.026737,-5.225,C6-36
780,A,Y,A780Y,0.020390000000000002,-5.6160000000000005,C6-36
781,I,*,I781*,0.034801,-4.8447,C6-36
781,I,A,I781A,0.033638,-4.8937,C6-36
781,I,C,I781C,0.028725999999999998,-5.1215,C6-36
781,I,D,I781D,0.09498999999999999,-3.3961,C6-36
781,I,E,I781E,0.11644000000000002,-3.1023,C6-36
781,I,F,I781F,0.022538,-5.4715,C6-36
781,I,G,I781G,0.023438,-5.415,C6-36
781,I,H,I781H,0.028426,-5.1367,C6-36
781,I,I,I781I,1.0,0.0,C6-36
781,I,K,I781K,0.033451,-4.9018,C6-36
781,I,L,I781L,0.25440999999999997,-1.9748,C6-36
781,I,M,I781M,0.21431999999999998,-2.2222,C6-36
781,I,N,I781N,0.030338,-5.0427,C6-36
781,I,P,I781P,0.0073877,-7.0807,C6-36
781,I,Q,I781Q,0.042825999999999996,-4.5454,C6-36
781,I,R,I781R,0.012638,-6.3061,C6-36
781,I,S,I781S,0.0192,-5.7027,C6-36
781,I,T,I781T,0.16827,-2.5712,C6-36
781,I,V,I781V,1.5136,0.598,C6-36
781,I,W,I781W,0.034801,-4.8447,C6-36
781,I,Y,I781Y,0.035887999999999996,-4.8003,C6-36
782,C,*,C782*,0.058692999999999995,-4.0907,C6-36
782,C,A,C782A,0.44514,-1.1677,C6-36
782,C,C,C782C,1.0,0.0,C6-36
782,C,D,C782D,0.054701,-4.1923,C6-36
782,C,E,C782E,0.27547,-1.86,C6-36
782,C,F,C782F,0.10443,-3.2594,C6-36
782,C,G,C782G,0.20395,-2.2937,C6-36
782,C,H,C782H,0.028005000000000002,-5.1582,C6-36
782,C,I,C782I,0.12785,-2.9674,C6-36
782,C,K,C782K,0.11123,-3.1683,C6-36
782,C,L,C782L,0.17752,-2.494,C6-36
782,C,M,C782M,1.2233,0.2908,C6-36
782,C,N,C782N,1.238,0.30806,C6-36
782,C,P,C782P,0.0058889,-7.4078,C6-36
782,C,Q,C782Q,0.34843,-1.5211,C6-36
782,C,R,C782R,0.078911,-3.6636,C6-36
782,C,S,C782S,0.27436,-1.8659,C6-36
782,C,T,C782T,0.60858,-0.7164699999999999,C6-36
782,C,V,C782V,0.11424000000000001,-3.1298,C6-36
782,C,W,C782W,0.057188,-4.1282,C6-36
782,C,Y,C782Y,0.007197499999999999,-7.1183,C6-36
783,S,*,S783*,0.034238,-4.8682,C6-36
783,S,A,S783A,0.2282,-2.1316,C6-36
783,S,C,S783C,0.066846,-3.903,C6-36
783,S,D,S783D,0.035532,-4.8147,C6-36
783,S,E,S783E,0.043555,-4.521,C6-36
783,S,F,S783F,0.13928,-2.8439,C6-36
783,S,G,S783G,0.2546,-1.9737,C6-36
783,S,H,S783H,0.023628,-5.4034,C6-36
783,S,I,S783I,0.052095,-4.2627,C6-36
783,S,K,S783K,0.046117,-4.4386,C6-36
783,S,L,S783L,0.020238,-5.6268,C6-36
783,S,M,S783M,0.084729,-3.5610000000000004,C6-36
783,S,N,S783N,0.04063,-4.6213,C6-36
783,S,P,S783P,0.0023291,-8.746,C6-36
783,S,Q,S783Q,0.028544999999999997,-5.1306,C6-36
783,S,R,S783R,0.011309,-6.4664,C6-36
783,S,S,S783S,1.0,0.0,C6-36
783,S,T,S783T,0.35266,-1.5037,C6-36
783,S,V,S783V,0.027794,-5.1691,C6-36
783,S,W,S783W,0.05621,-4.1530000000000005,C6-36
783,S,Y,S783Y,0.039388,-4.6661,C6-36
784,A,*,A784*,0.043704,-4.5161,C6-36
784,A,A,A784A,1.0,0.0,C6-36
784,A,C,A784C,0.14155,-2.8206,C6-36
784,A,D,A784D,0.025325999999999998,-5.3033,C6-36
784,A,E,A784E,0.031369,-4.9945,C6-36
784,A,F,A784F,0.092175,-3.4395,C6-36
784,A,G,A784G,0.26696,-1.9053,C6-36
784,A,H,A784H,0.018877,-5.7272,C6-36
784,A,I,A784I,0.03816,-4.7118,C6-36
784,A,K,A784K,0.054919,-4.1866,C6-36
784,A,L,A784L,0.0097502,-6.6804,C6-36
784,A,M,A784M,0.041524,-4.5899,C6-36
784,A,N,A784N,0.029936,-5.062,C6-36
784,A,P,A784P,0.007413899999999999,-7.0756,C6-36
784,A,Q,A784Q,0.030683,-5.0264,C6-36
784,A,R,A784R,0.011276999999999999,-6.4705,C6-36
784,A,S,A784S,0.5536399999999999,-0.85298,C6-36
784,A,T,A784T,0.3539,-1.4986,C6-36
784,A,V,A784V,0.29512,-1.7606,C6-36
784,A,W,A784W,0.030746,-5.0235,C6-36
784,A,Y,A784Y,0.038004,-4.7177,C6-36
785,V,*,V785*,0.013263999999999998,-6.2364,C6-36
785,V,A,V785A,0.038547000000000005,-4.6972,C6-36
785,V,C,V785C,0.6217600000000001,-0.6855600000000001,C6-36
785,V,D,V785D,0.024263,-5.3651,C6-36
785,V,E,V785E,0.021936,-5.5106,C6-36
785,V,F,V785F,0.1591,-2.6519999999999997,C6-36
785,V,G,V785G,0.0040811,-7.9368,C6-36
785,V,H,V785H,0.041768,-4.5815,C6-36
785,V,I,V785I,0.18011,-2.4730000000000003,C6-36
785,V,K,V785K,0.013104,-6.2538,C6-36
785,V,L,V785L,0.17731,-2.4957,C6-36
785,V,M,V785M,0.15406,-2.6984,C6-36
785,V,N,V785N,0.031597,-4.9841,C6-36
785,V,P,V785P,0.009055,-6.7871,C6-36
785,V,Q,V785Q,0.015271999999999999,-6.0329,C6-36
785,V,R,V785R,0.0052927,-7.5618,C6-36
785,V,S,V785S,0.010490000000000001,-6.5749,C6-36
785,V,T,V785T,0.62843,-0.67018,C6-36
785,V,V,V785V,1.0,0.0,C6-36
785,V,W,V785W,0.009692600000000001,-6.6889,C6-36
785,V,Y,V785Y,0.029269,-5.0945,C6-36
786,P,*,P786*,0.0017477999999999999,-9.1602,C6-36
786,P,A,P786A,0.0023408,-8.7388,C6-36
786,P,C,P786C,0.0013941,-9.4865,C6-36
786,P,D,P786D,0.0015814,-9.3046,C6-36
786,P,E,P786E,0.0016958,-9.2038,C6-36
786,P,F,P786F,0.0019767,-8.9827,C6-36
786,P,G,P786G,0.00059301,-10.72,C6-36
786,P,H,P786H,0.00097794,-9.998,C6-36
786,P,I,P786I,0.0019663,-8.9903,C6-36
786,P,K,P786K,0.0021328000000000002,-8.8731,C6-36
786,P,L,P786L,0.004338300000000001,-7.8486,C6-36
786,P,M,P786M,0.0026425,-8.5639,C6-36
786,P,N,P786N,0.001727,-9.1775,C6-36
786,P,P,P786P,1.0,0.0,C6-36
786,P,Q,P786Q,0.0014357,-9.443999999999999,C6-36
786,P,R,P786R,0.0005618,-10.798,C6-36
786,P,S,P786S,0.0076571,-7.029,C6-36
786,P,T,P786T,0.00096754,-10.013,C6-36
786,P,V,P786V,0.0015189000000000001,-9.3627,C6-36
786,P,W,P786W,0.0014877,-9.3927,C6-36
786,P,Y,P786Y,0.0016334,-9.2579,C6-36
787,V,*,V787*,0.051156,-4.289,C6-36
787,V,A,V787A,0.73293,-0.44825,C6-36
787,V,C,V787C,0.99982,-0.00026267,C6-36
787,V,D,V787D,1.3149,0.395,C6-36
787,V,E,V787E,0.6623,-0.59445,C6-36
787,V,F,V787F,0.45621999999999996,-1.1322,C6-36
787,V,G,V787G,0.79101,-0.33824,C6-36
787,V,H,V787H,1.6341,0.70848,C6-36
787,V,I,V787I,1.1214,0.16534000000000001,C6-36
787,V,K,V787K,0.6845100000000001,-0.54686,C6-36
787,V,L,V787L,0.9395600000000001,-0.08994400000000001,C6-36
787,V,M,V787M,1.2329999999999999,0.3022,C6-36
787,V,N,V787N,0.59002,-0.7611600000000001,C6-36
787,V,P,V787P,0.28964,-1.7877,C6-36
787,V,Q,V787Q,1.4737,0.5594399999999999,C6-36
787,V,R,V787R,1.13,0.1763,C6-36
787,V,S,V787S,1.426,0.51197,C6-36
787,V,T,V787T,0.68596,-0.5438,C6-36
787,V,V,V787V,1.0,0.0,C6-36
787,V,W,V787W,0.24613000000000002,-2.0225,C6-36
787,V,Y,V787Y,0.7427600000000001,-0.42903,C6-36
788,D,*,D788*,0.1908,-2.3898,C6-36
788,D,A,D788A,1.6955,0.76168,C6-36
788,D,C,D788C,0.18347,-2.4464,C6-36
788,D,D,D788D,1.0,0.0,C6-36
788,D,E,D788E,0.27588,-1.8579,C6-36
788,D,F,D788F,0.13838,-2.8533,C6-36
788,D,G,D788G,9.4978,3.2476,C6-36
788,D,H,D788H,0.63283,-0.6601100000000001,C6-36
788,D,I,D788I,0.091737,-3.4464,C6-36
788,D,K,D788K,0.49067,-1.0272,C6-36
788,D,L,D788L,0.14749,-2.7613,C6-36
788,D,M,D788M,0.16948,-2.5608,C6-36
788,D,N,D788N,0.93447,-0.097774,C6-36
788,D,P,D788P,0.19258,-2.3765,C6-36
788,D,Q,D788Q,2.5318,1.3401,C6-36
788,D,R,D788R,0.41648,-1.2637,C6-36
788,D,S,D788S,0.90138,-0.1498,C6-36
788,D,T,D788T,1.6526,0.7247399999999999,C6-36
788,D,V,D788V,0.07641,-3.7101,C6-36
788,D,W,D788W,0.75189,-0.41141000000000005,C6-36
788,D,Y,D788Y,0.24078000000000002,-2.0542,C6-36
789,W,*,W789*,0.0021768,-8.8436,C6-36
789,W,A,W789A,0.1054,-3.2461,C6-36
789,W,C,W789C,0.027737,-5.1721,C6-36
789,W,D,W789D,0.6835899999999999,-0.5488,C6-36
789,W,E,W789E,0.33734000000000003,-1.5677,C6-36
789,W,F,W789F,0.7272,-0.45958000000000004,C6-36
789,W,G,W789G,0.41478999999999994,-1.2696,C6-36
789,W,H,W789H,0.37287,-1.4233,C6-36
789,W,I,W789I,0.19899999999999998,-2.3291,C6-36
789,W,K,W789K,0.33705,-1.5689,C6-36
789,W,L,W789L,0.033214,-4.9121,C6-36
789,W,M,W789M,0.47988000000000003,-1.0592,C6-36
789,W,N,W789N,0.42068999999999995,-1.2492,C6-36
789,W,P,W789P,0.053507000000000006,-4.2241,C6-36
789,W,Q,W789Q,0.16235,-2.6228,C6-36
789,W,R,W789R,0.36521,-1.4532,C6-36
789,W,S,W789S,0.066849,-3.9029,C6-36
789,W,T,W789T,0.073099,-3.7739999999999996,C6-36
789,W,V,W789V,0.21459,-2.2203,C6-36
789,W,W,W789W,1.0,0.0,C6-36
789,W,Y,W789Y,0.94544,-0.080943,C6-36
