site,wildtype,mutant,mutation,effect,log2effect
451,C,*,C451*,0.047083,-4.4086
451,C,A,C451A,0.020044,-5.6407
451,C,C,C451C,1,0
451,C,D,C451D,0.045483,-4.4585
451,C,E,C451E,0.044115,-4.5026
451,C,F,C451F,0.058878,-4.0861
451,C,G,C451G,0.027945,-5.1612
451,C,H,C451H,0.060323,-4.0511
451,C,I,C451I,0.1432,-2.8039
451,C,K,C451K,0.090177,-3.4711
451,C,L,C451L,0.018155,-5.7835
451,C,M,C451M,0.059938,-4.0604
451,C,N,C451N,0.095168,-3.3934
451,C,P,C451P,0.018232,-5.7774
451,C,Q,C451Q,0.046293,-4.4331
451,C,R,C451R,0.020468,-5.6105
451,C,S,C451S,0.01856,-5.7517
451,C,T,C451T,0.034652,-4.8509
451,C,V,C451V,0.02174,-5.5235
451,C,W,C451W,0.027406,-5.1894
451,C,Y,C451Y,0.02941,-5.0875
452,V,*,V452*,0.022534,-5.4717
452,V,A,V452A,0.095793,-3.3839
452,V,C,V452C,0.038026,-4.7169
452,V,D,V452D,0.057812,-4.1125
452,V,E,V452E,0.058971,-4.0839
452,V,F,V452F,0.044205,-4.4996
452,V,G,V452G,0.013107,-6.2535
452,V,H,V452H,0.042729,-4.5487
452,V,I,V452I,0.55484,-0.84987
452,V,K,V452K,0.046613,-4.4231
452,V,L,V452L,0.0087229,-6.841
452,V,M,V452M,0.043001,-4.5395
452,V,N,V452N,0.060288,-4.052
452,V,P,V452P,0.017105,-5.8694
452,V,Q,V452Q,0.038662,-4.6929
452,V,R,V452R,0.0094044,-6.7325
452,V,S,V452S,0.012721,-6.2967
452,V,T,V452T,0.018559,-5.7517
452,V,V,V452V,1,0
452,V,W,V452W,0.032302,-4.9522
452,V,Y,V452Y,0.056199,-4.1533
453,Y,*,Y453*,0.022266,-5.489
453,Y,A,Y453A,0.021982,-5.5075
453,Y,C,Y453C,0.011759,-6.41
453,Y,D,Y453D,0.05569,-4.1664
453,Y,E,Y453E,0.03289,-4.9262
453,Y,F,Y453F,0.034593,-4.8534
453,Y,G,Y453G,0.010473,-6.5772
453,Y,H,Y453H,0.042728,-4.5487
453,Y,I,Y453I,0.058212,-4.1025
453,Y,K,Y453K,0.065562,-3.931
453,Y,L,Y453L,0.014382,-6.1196
453,Y,M,Y453M,0.057344,-4.1242
453,Y,N,Y453N,0.042878,-4.5436
453,Y,P,Y453P,0.024087,-5.3756
453,Y,Q,Y453Q,0.057026,-4.1322
453,Y,R,Y453R,0.015551,-6.0068
453,Y,S,Y453S,0.013079,-6.2566
453,Y,T,Y453T,0.042862,-4.5442
453,Y,V,Y453V,0.016587,-5.9138
453,Y,W,Y453W,0.030401,-5.0398
453,Y,Y,Y453Y,1,0
454,N,*,N454*,0.043398,-4.5262
454,N,A,N454A,0.021007,-5.573
454,N,C,N454C,0.047651,-4.3913
454,N,D,N454D,0.095638,-3.3863
454,N,E,N454E,0.054594,-4.1951
454,N,F,N454F,0.053743,-4.2178
454,N,G,N454G,0.01533,-6.0275
454,N,H,N454H,0.1007,-3.3118
454,N,I,N454I,0.13623,-2.8759
454,N,K,N454K,0.044585,-4.4873
454,N,L,N454L,0.016932,-5.8841
454,N,M,N454M,0.064484,-3.9549
454,N,N,N454N,1,0
454,N,P,N454P,0.019325,-5.6934
454,N,Q,N454Q,0.057779,-4.1133
454,N,R,N454R,0.015389,-6.0219
454,N,S,N454S,0.012936,-6.2724
454,N,T,N454T,0.069073,-3.8557
454,N,V,N454V,0.018435,-5.7614
454,N,W,N454W,0.046642,-4.4222
454,N,Y,N454Y,0.04415,-4.5014
455,M,*,M455*,0.047347,-4.4006
455,M,A,M455A,0.022113,-5.4989
455,M,C,M455C,0.057696,-4.1154
455,M,D,M455D,0.063355,-3.9804
455,M,E,M455E,0.045544,-4.4566
455,M,F,M455F,0.042754,-4.5478
455,M,G,M455G,0.01407,-6.1512
455,M,H,M455H,0.062657,-3.9964
455,M,I,M455I,0.13032,-2.9399
455,M,K,M455K,0.072832,-3.7793
455,M,L,M455L,0.0194,-5.6878
455,M,M,M455M,1,0
455,M,N,M455N,0.079654,-3.6501
455,M,P,M455P,0.023664,-5.4012
455,M,Q,M455Q,0.06977,-3.8412
455,M,R,M455R,0.012384,-6.3354
455,M,S,M455S,0.017733,-5.8174
455,M,T,M455T,0.029672,-5.0748
455,M,V,M455V,0.0056979,-7.4554
455,M,W,M455W,0.031707,-4.9791
455,M,Y,M455Y,0.089674,-3.4792
456,M,*,M456*,0.030687,-5.0262
456,M,A,M456A,0.031032,-5.0101
456,M,C,M456C,0.041172,-4.6022
456,M,D,M456D,0.051426,-4.2814
456,M,E,M456E,0.053206,-4.2323
456,M,F,M456F,0.081597,-3.6153
456,M,G,M456G,0.015554,-6.0066
456,M,H,M456H,0.069295,-3.8511
456,M,I,M456I,0.082879,-3.5929
456,M,K,M456K,0.10848,-3.2045
456,M,L,M456L,0.019667,-5.668
456,M,M,M456M,1,0
456,M,N,M456N,0.073198,-3.772
456,M,P,M456P,0.023264,-5.4257
456,M,Q,M456Q,0.049877,-4.3255
456,M,R,M456R,0.019227,-5.7007
456,M,S,M456S,0.022576,-5.4691
456,M,T,M456T,0.021753,-5.5227
456,M,V,M456V,0.013507,-6.2101
456,M,W,M456W,0.041975,-4.5743
456,M,Y,M456Y,0.062829,-3.9924
457,G,*,G457*,0.028025,-5.1571
457,G,A,G457A,0.018678,-5.7425
457,G,C,G457C,0.031129,-5.0056
457,G,D,G457D,0.045411,-4.4608
457,G,E,G457E,0.07925,-3.6574
457,G,F,G457F,0.042523,-4.5556
457,G,G,G457G,1,0
457,G,H,G457H,0.050274,-4.3141
457,G,I,G457I,0.051512,-4.279
457,G,K,G457K,0.065453,-3.9334
457,G,L,G457L,0.013439,-6.2175
457,G,M,G457M,0.047528,-4.3951
457,G,N,G457N,0.063443,-3.9784
457,G,P,G457P,0.017368,-5.8474
457,G,Q,G457Q,0.064663,-3.9509
457,G,R,G457R,0.018714,-5.7398
457,G,S,G457S,0.015358,-6.0248
457,G,T,G457T,0.02171,-5.5255
457,G,V,G457V,0.036369,-4.7812
457,G,W,G457W,0.023594,-5.4054
457,G,Y,G457Y,0.059729,-4.0654
458,K,*,K458*,0.072438,-3.7871
458,K,A,K458A,0.014546,-6.1032
458,K,C,K458C,0.02438,-5.3582
458,K,D,K458D,0.0424,-4.5598
458,K,E,K458E,0.059409,-4.0732
458,K,F,K458F,0.023972,-5.3825
458,K,G,K458G,0.011986,-6.3825
458,K,H,K458H,0.028669,-5.1244
458,K,I,K458I,0.059327,-4.0752
458,K,K,K458K,1,0
458,K,L,K458L,0.0093932,-6.7342
458,K,M,K458M,0.032044,-4.9638
458,K,N,K458N,0.044928,-4.4763
458,K,P,K458P,0.01228,-6.3476
458,K,Q,K458Q,0.071558,-3.8047
458,K,R,K458R,0.028571,-5.1293
458,K,S,K458S,0.010567,-6.5642
458,K,T,K458T,0.016193,-5.9484
458,K,V,K458V,0.013062,-6.2584
458,K,W,K458W,0.02288,-5.4498
458,K,Y,K458Y,0.032142,-4.9594
459,R,*,R459*,0.035971,-4.797
459,R,A,R459A,0.016349,-5.9347
459,R,C,R459C,0.038629,-4.6942
459,R,D,R459D,0.045633,-4.4538
459,R,E,R459E,0.03261,-4.9385
459,R,F,R459F,0.039438,-4.6643
459,R,G,R459G,0.028897,-5.1129
459,R,H,R459H,0.036552,-4.7739
459,R,I,R459I,0.11893,-3.0718
459,R,K,R459K,0.097918,-3.3523
459,R,L,R459L,0.011351,-6.461
459,R,M,R459M,0.030762,-5.0227
459,R,N,R459N,0.064393,-3.957
459,R,P,R459P,0.014501,-6.1077
459,R,Q,R459Q,0.040318,-4.6324
459,R,R,R459R,1,0
459,R,S,R459S,0.014624,-6.0955
459,R,T,R459T,0.021541,-5.5368
459,R,V,R459V,0.013621,-6.198
459,R,W,R459W,0.018654,-5.7443
459,R,Y,R459Y,0.039157,-4.6746
460,E,*,E460*,0.22246,-2.1684
460,E,A,E460A,0.033279,-4.9092
460,E,C,E460C,0.047759,-4.3881
460,E,D,E460D,0.095738,-3.3848
460,E,E,E460E,1,0
460,E,F,E460F,0.051219,-4.2872
460,E,G,E460G,0.021995,-5.5067
460,E,H,E460H,0.051483,-4.2798
460,E,I,E460I,0.049742,-4.3294
460,E,K,E460K,0.2925,-1.7735
460,E,L,E460L,0.015714,-5.9918
460,E,M,E460M,0.041213,-4.6008
460,E,N,E460N,0.050271,-4.3141
460,E,P,E460P,0.022766,-5.457
460,E,Q,E460Q,0.046767,-4.4184
460,E,R,E460R,0.014149,-6.1431
460,E,S,E460S,0.016353,-5.9343
460,E,T,E460T,0.026932,-5.2145
460,E,V,E460V,0.021488,-5.5403
460,E,W,E460W,0.031384,-4.9938
460,E,Y,E460Y,0.050756,-4.3003
461,K,*,K461*,0.017945,-5.8003
461,K,A,K461A,0.016243,-5.944
461,K,C,K461C,0.025284,-5.3056
461,K,D,K461D,0.043578,-4.5203
461,K,E,K461E,0.0063209,-7.3056
461,K,F,K461F,0.022837,-5.4525
461,K,G,K461G,0.012976,-6.268
461,K,H,K461H,0.028277,-5.1442
461,K,I,K461I,0.028824,-5.1166
461,K,K,K461K,1,0
461,K,L,K461L,0.0087217,-6.8412
461,K,M,K461M,0.026226,-5.2529
461,K,N,K461N,0.094085,-3.4099
461,K,P,K461P,0.013569,-6.2036
461,K,Q,K461Q,0.025572,-5.2893
461,K,R,K461R,0.031407,-4.9928
461,K,S,K461S,0.010089,-6.631
461,K,T,K461T,0.048076,-4.3786
461,K,V,K461V,0.011639,-6.4249
461,K,W,K461W,0.0191,-5.7103
461,K,Y,K461Y,0.028687,-5.1234
462,K,*,K462*,0.017297,-5.8533
462,K,A,K462A,0.018746,-5.7373
462,K,C,K462C,0.029226,-5.0966
462,K,D,K462D,0.050443,-4.3092
462,K,E,K462E,0.0084526,-6.8864
462,K,F,K462F,0.033657,-4.8929
462,K,G,K462G,0.020331,-5.6202
462,K,H,K462H,0.03589,-4.8003
462,K,I,K462I,0.037781,-4.7262
462,K,K,K462K,1,0
462,K,L,K462L,0.0097819,-6.6757
462,K,M,K462M,0.022597,-5.4677
462,K,N,K462N,0.056118,-4.1554
462,K,P,K462P,0.016343,-5.9352
462,K,Q,K462Q,0.059748,-4.065
462,K,R,K462R,0.18338,-2.4471
462,K,S,K462S,0.0097989,-6.6732
462,K,T,K462T,0.026755,-5.224
462,K,V,K462V,0.016718,-5.9025
462,K,W,K462W,0.01999,-5.6446
462,K,Y,K462Y,0.031101,-5.0069
463,Q,*,Q463*,0.058134,-4.1045
463,Q,A,Q463A,0.6881,-0.53931
463,Q,C,Q463C,0.11318,-3.1433
463,Q,D,Q463D,0.10368,-3.2698
463,Q,E,Q463E,0.93249,-0.10085
463,Q,F,Q463F,0.06665,-3.9072
463,Q,G,Q463G,0.018884,-5.7267
463,Q,H,Q463H,0.22303,-2.1647
463,Q,I,Q463I,1.0253,0.036049
463,Q,K,Q463K,0.11664,-3.0999
463,Q,L,Q463L,1.4234,0.50929
463,Q,M,Q463M,3.1851,1.6714
463,Q,N,Q463N,0.072575,-3.7844
463,Q,P,Q463P,1.4879,0.57328
463,Q,Q,Q463Q,1,0
463,Q,R,Q463R,0.035176,-4.8292
463,Q,S,Q463S,0.13688,-2.869
463,Q,T,Q463T,0.3978,-1.3299
463,Q,V,Q463V,0.78882,-0.34224
463,Q,W,Q463W,0.051469,-4.2802
463,Q,Y,Q463Y,0.41743,-1.2604
464,G,*,G464*,0.040906,-4.6115
464,G,A,G464A,0.12906,-2.9539
464,G,C,G464C,0.048662,-4.3611
464,G,D,G464D,0.041546,-4.5892
464,G,E,G464E,0.017883,-5.8052
464,G,F,G464F,0.060672,-4.0428
464,G,G,G464G,1,0
464,G,H,G464H,0.059072,-4.0814
464,G,I,G464I,0.048982,-4.3516
464,G,K,G464K,0.044068,-4.5041
464,G,L,G464L,0.013365,-6.2253
464,G,M,G464M,0.04964,-4.3323
464,G,N,G464N,0.052408,-4.2541
464,G,P,G464P,0.023775,-5.3944
464,G,Q,G464Q,0.058206,-4.1027
464,G,R,G464R,0.037386,-4.7414
464,G,S,G464S,0.019201,-5.7027
464,G,T,G464T,0.02483,-5.3318
464,G,V,G464V,0.019389,-5.6886
464,G,W,G464W,0.030213,-5.0487
464,G,Y,G464Y,0.063194,-3.9841
465,E,*,E465*,0.032659,-4.9364
465,E,A,E465A,0.023808,-5.3924
465,E,C,E465C,0.16722,-2.5802
465,E,D,E465D,0.050741,-4.3007
465,E,E,E465E,1,0
465,E,F,E465F,0.099856,-3.324
465,E,G,E465G,0.0038024,-8.0389
465,E,H,E465H,0.078035,-3.6797
465,E,I,E465I,0.09392,-3.4124
465,E,K,E465K,0.064874,-3.9462
465,E,L,E465L,0.022751,-5.4579
465,E,M,E465M,0.062318,-4.0042
465,E,N,E465N,0.093836,-3.4137
465,E,P,E465P,0.031265,-4.9993
465,E,Q,E465Q,0.047678,-4.3905
465,E,R,E465R,0.020195,-5.6298
465,E,S,E465S,0.027272,-5.1964
465,E,T,E465T,0.045735,-4.4506
465,E,V,E465V,0.020364,-5.6178
465,E,W,E465W,0.062423,-4.0018
465,E,Y,E465Y,0.063691,-3.9728
466,F,*,F466*,0.037089,-4.7529
466,F,A,F466A,0.019781,-5.6597
466,F,C,F466C,0.050445,-4.3091
466,F,D,F466D,0.031025,-5.0104
466,F,E,F466E,0.042522,-4.5557
466,F,F,F466F,1,0
466,F,G,F466G,0.013229,-6.2401
466,F,H,F466H,0.032613,-4.9384
466,F,I,F466I,0.030736,-5.0239
466,F,K,F466K,0.052502,-4.2515
466,F,L,F466L,0.06418,-3.9617
466,F,M,F466M,0.050228,-4.3154
466,F,N,F466N,0.039634,-4.6571
466,F,P,F466P,0.016496,-5.9217
466,F,Q,F466Q,0.061292,-4.0282
466,F,R,F466R,0.012724,-6.2963
466,F,S,F466S,0.0092588,-6.755
466,F,T,F466T,0.02247,-5.4759
466,F,V,F466V,0.018572,-5.7508
466,F,W,F466W,0.17121,-2.5462
466,F,Y,F466Y,0.028823,-5.1166
467,G,*,G467*,0.040016,-4.6433
467,G,A,G467A,0.024334,-5.3609
467,G,C,G467C,0.065692,-3.9281
467,G,D,G467D,0.081716,-3.6132
467,G,E,G467E,0.085295,-3.5514
467,G,F,G467F,0.070742,-3.8213
467,G,G,G467G,1,0
467,G,H,G467H,0.068164,-3.8748
467,G,I,G467I,0.075494,-3.7275
467,G,K,G467K,0.068761,-3.8623
467,G,L,G467L,0.01743,-5.8423
467,G,M,G467M,0.048795,-4.3571
467,G,N,G467N,0.074961,-3.7377
467,G,P,G467P,0.033965,-4.8798
467,G,Q,G467Q,0.070977,-3.8165
467,G,R,G467R,0.032345,-4.9503
467,G,S,G467S,0.022309,-5.4862
467,G,T,G467T,0.044427,-4.4924
467,G,V,G467V,0.020626,-5.5994
467,G,W,G467W,0.043212,-4.5324
467,G,Y,G467Y,0.14151,-2.8211
468,K,*,K468*,0.038694,-4.6918
468,K,A,K468A,0.02864,-5.1258
468,K,C,K468C,0.06341,-3.9791
468,K,D,K468D,0.069393,-3.8491
468,K,E,K468E,0.0092688,-6.7534
468,K,F,K468F,0.067187,-3.8957
468,K,G,K468G,0.01942,-5.6863
468,K,H,K468H,0.22755,-2.1357
468,K,I,K468I,0.40327,-1.3102
468,K,K,K468K,1,0
468,K,L,K468L,0.13923,-2.8445
468,K,M,K468M,0.091119,-3.4561
468,K,N,K468N,0.047325,-4.4013
468,K,P,K468P,0.021627,-5.531
468,K,Q,K468Q,0.243,-2.041
468,K,R,K468R,0.73233,-0.44943
468,K,S,K468S,0.29116,-1.7801
468,K,T,K468T,0.56079,-0.83448
468,K,V,K468V,0.53558,-0.90083
468,K,W,K468W,0.044088,-4.5035
468,K,Y,K468Y,0.271,-1.8836
469,A,*,A469*,0.038991,-4.6807
469,A,A,A469A,1,0
469,A,C,A469C,0.029867,-5.0653
469,A,D,A469D,0.035525,-4.815
469,A,E,A469E,0.073428,-3.7675
469,A,F,A469F,0.029984,-5.0597
469,A,G,A469G,0.0098272,-6.669
469,A,H,A469H,0.029046,-5.1055
469,A,I,A469I,0.054226,-4.2049
469,A,K,A469K,0.050676,-4.3025
469,A,L,A469L,0.01264,-6.3059
469,A,M,A469M,0.038355,-4.7045
469,A,N,A469N,0.050074,-4.3198
469,A,P,A469P,0.01495,-6.0637
469,A,Q,A469Q,0.044398,-4.4934
469,A,R,A469R,0.01346,-6.2152
469,A,S,A469S,0.033935,-4.8811
469,A,T,A469T,0.023438,-5.415
469,A,V,A469V,0.04105,-4.6065
469,A,W,A469W,0.02163,-5.5308
469,A,Y,A469Y,0.028661,-5.1247
470,K,*,K470*,0.025633,-5.2859
470,K,A,K470A,0.015937,-5.9714
470,K,C,K470C,0.031945,-4.9683
470,K,D,K470D,0.022039,-5.5038
470,K,E,K470E,0.047181,-4.4057
470,K,F,K470F,0.023424,-5.4159
470,K,G,K470G,0.011502,-6.442
470,K,H,K470H,0.024704,-5.3391
470,K,I,K470I,0.027193,-5.2006
470,K,K,K470K,1,0
470,K,L,K470L,0.0071709,-7.1236
470,K,M,K470M,0.020759,-5.5901
470,K,N,K470N,0.020934,-5.578
470,K,P,K470P,0.010607,-6.5588
470,K,Q,K470Q,0.026229,-5.2527
470,K,R,K470R,0.29232,-1.7744
470,K,S,K470S,0.0080125,-6.9635
470,K,T,K470T,0.068939,-3.8585
470,K,V,K470V,0.031857,-4.9722
470,K,W,K470W,0.016218,-5.9463
470,K,Y,K470Y,0.020654,-5.5975
471,G,*,G471*,0.062728,-3.9947
471,G,A,G471A,0.024039,-5.3785
471,G,C,G471C,0.10635,-3.2331
471,G,D,G471D,0.19269,-2.3756
471,G,E,G471E,0.063936,-3.9672
471,G,F,G471F,0.11607,-3.107
471,G,G,G471G,1,0
471,G,H,G471H,0.066504,-3.9104
471,G,I,G471I,0.094671,-3.4009
471,G,K,G471K,0.19168,-2.3832
471,G,L,G471L,0.027714,-5.1732
471,G,M,G471M,0.11259,-3.1508
471,G,N,G471N,0.10567,-3.2423
471,G,P,G471P,0.022982,-5.4434
471,G,Q,G471Q,0.068744,-3.8626
471,G,R,G471R,0.019835,-5.6558
471,G,S,G471S,0.044101,-4.503
471,G,T,G471T,0.035996,-4.796
471,G,V,G471V,0.024417,-5.356
471,G,W,G471W,0.053641,-4.2205
471,G,Y,G471Y,0.08279,-3.5944
472,S,*,S472*,0.034095,-4.8743
472,S,A,S472A,0.020585,-5.6023
472,S,C,S472C,0.054424,-4.1996
472,S,D,S472D,0.046584,-4.424
472,S,E,S472E,0.04075,-4.6171
472,S,F,S472F,0.093332,-3.4215
472,S,G,S472G,0.0087516,-6.8362
472,S,H,S472H,0.042828,-4.5453
472,S,I,S472I,0.065582,-3.9305
472,S,K,S472K,0.056247,-4.1521
472,S,L,S472L,0.019181,-5.7042
472,S,M,S472M,0.055153,-4.1804
472,S,N,S472N,0.046274,-4.4336
472,S,P,S472P,0.0165,-5.9214
472,S,Q,S472Q,0.0458,-4.4485
472,S,R,S472R,0.033566,-4.8969
472,S,S,S472S,1,0
472,S,T,S472T,0.030649,-5.028
472,S,V,S472V,0.018342,-5.7687
472,S,W,S472W,0.033329,-4.9071
472,S,Y,S472Y,0.061207,-4.0302
473,R,*,R473*,0.040989,-4.6086
473,R,A,R473A,0.014435,-6.1143
473,R,C,R473C,0.068596,-3.8657
473,R,D,R473D,0.042813,-4.5458
473,R,E,R473E,0.043673,-4.5171
473,R,F,R473F,0.058072,-4.106
473,R,G,R473G,0.0085767,-6.8654
473,R,H,R473H,0.014417,-6.1161
473,R,I,R473I,0.055336,-4.1756
473,R,K,R473K,0.050443,-4.3092
473,R,L,R473L,0.022398,-5.4805
473,R,M,R473M,0.053828,-4.2155
473,R,N,R473N,0.055582,-4.1692
473,R,P,R473P,0.014926,-6.066
473,R,Q,R473Q,0.048987,-4.3515
473,R,R,R473R,1,0
473,R,S,R473S,0.032202,-4.9567
473,R,T,R473T,0.022661,-5.4637
473,R,V,R473V,0.0191,-5.7103
473,R,W,R473W,0.025818,-5.2755
473,R,Y,R473Y,0.061072,-4.0334
474,A,*,A474*,0.030611,-5.0298
474,A,A,A474A,1,0
474,A,C,A474C,0.23049,-2.1172
474,A,D,A474D,0.028959,-5.1099
474,A,E,A474E,0.035671,-4.8091
474,A,F,A474F,0.026666,-5.2289
474,A,G,A474G,0.013942,-6.1644
474,A,H,A474H,0.032821,-4.9292
474,A,I,A474I,0.04383,-4.5119
474,A,K,A474K,0.054406,-4.2001
474,A,L,A474L,0.01702,-5.8766
474,A,M,A474M,0.048189,-4.3752
474,A,N,A474N,0.037283,-4.7454
474,A,P,A474P,0.01134,-6.4625
474,A,Q,A474Q,0.27304,-1.8728
474,A,R,A474R,0.011815,-6.4033
474,A,S,A474S,0.024497,-5.3512
474,A,T,A474T,0.049035,-4.35
474,A,V,A474V,0.0073326,-7.0915
474,A,W,A474W,0.049387,-4.3397
474,A,Y,A474Y,0.039162,-4.6744
475,I,*,I475*,0.052442,-4.2531
475,I,A,I475A,0.022747,-5.4582
475,I,C,I475C,0.037911,-4.7212
475,I,D,I475D,0.046835,-4.4163
475,I,E,I475E,0.051585,-4.2769
475,I,F,I475F,0.052852,-4.2419
475,I,G,I475G,0.018332,-5.7695
475,I,H,I475H,0.037595,-4.7333
475,I,I,I475I,1,0
475,I,K,I475K,0.067234,-3.8947
475,I,L,I475L,0.012799,-6.2879
475,I,M,I475M,0.043314,-4.529
475,I,N,I475N,0.11209,-3.1572
475,I,P,I475P,0.015183,-6.0414
475,I,Q,I475Q,0.059931,-4.0605
475,I,R,I475R,0.014084,-6.1498
475,I,S,I475S,0.017139,-5.8666
475,I,T,I475T,0.052331,-4.2562
475,I,V,I475V,0.034819,-4.844
475,I,W,I475W,0.065856,-3.9245
475,I,Y,I475Y,0.047897,-4.3839
476,W,*,W476*,0.027783,-5.1697
476,W,A,W476A,0.020027,-5.6419
476,W,C,W476C,0.050141,-4.3179
476,W,D,W476D,0.03587,-4.8011
476,W,E,W476E,0.029337,-5.0911
476,W,F,W476F,0.038962,-4.6818
476,W,G,W476G,0.020688,-5.595
476,W,H,W476H,0.043824,-4.5121
476,W,I,W476I,0.069209,-3.8529
476,W,K,W476K,0.038664,-4.6928
476,W,L,W476L,0.030908,-5.0159
476,W,M,W476M,0.028329,-5.1416
476,W,N,W476N,0.069523,-3.8464
476,W,P,W476P,0.013842,-6.1748
476,W,Q,W476Q,0.033207,-4.9124
476,W,R,W476R,0.0086821,-6.8477
476,W,S,W476S,0.011477,-6.4451
476,W,T,W476T,0.019216,-5.7015
476,W,V,W476V,0.012767,-6.2915
476,W,W,W476W,1,0
476,W,Y,W476Y,0.051282,-4.2854
477,Y,*,Y477*,0.027316,-5.1941
477,Y,A,Y477A,0.014084,-6.1498
477,Y,C,Y477C,0.038915,-4.6835
477,Y,D,Y477D,0.015948,-5.9705
477,Y,E,Y477E,0.025935,-5.2689
477,Y,F,Y477F,0.78237,-0.35408
477,Y,G,Y477G,0.010172,-6.6193
477,Y,H,Y477H,0.093846,-3.4136
477,Y,I,Y477I,0.028674,-5.1241
477,Y,K,Y477K,0.051986,-4.2657
477,Y,L,Y477L,0.0097574,-6.6793
477,Y,M,Y477M,0.039467,-4.6632
477,Y,N,Y477N,0.03353,-4.8984
477,Y,P,Y477P,0.010126,-6.6258
477,Y,Q,Y477Q,0.041814,-4.5799
477,Y,R,Y477R,0.012611,-6.3092
477,Y,S,Y477S,0.0082156,-6.9274
477,Y,T,Y477T,0.014958,-6.0629
477,Y,V,Y477V,0.011046,-6.5003
477,Y,W,Y477W,0.030469,-5.0365
477,Y,Y,Y477Y,1,0
478,M,*,M478*,0.030023,-5.0578
478,M,A,M478A,0.015113,-6.048
478,M,C,M478C,0.034318,-4.8649
478,M,D,M478D,0.041875,-4.5778
478,M,E,M478E,0.030524,-5.0339
478,M,F,M478F,0.043364,-4.5273
478,M,G,M478G,0.016336,-5.9358
478,M,H,M478H,0.025429,-5.2974
478,M,I,M478I,0.014188,-6.1392
478,M,K,M478K,0.036623,-4.7711
478,M,L,M478L,0.014909,-6.0676
478,M,M,M478M,1,0
478,M,N,M478N,0.03493,-4.8394
478,M,P,M478P,0.01052,-6.5708
478,M,Q,M478Q,0.030148,-5.0518
478,M,R,M478R,0.0222,-5.4933
478,M,S,M478S,0.01157,-6.4335
478,M,T,M478T,0.071819,-3.7995
478,M,V,M478V,0.024097,-5.375
478,M,W,M478W,0.025492,-5.2938
478,M,Y,M478Y,0.034318,-4.8649
479,W,*,W479*,0.15794,-2.6626
479,W,A,W479A,0.036697,-4.7682
479,W,C,W479C,0.05525,-4.1779
479,W,D,W479D,0.076284,-3.7125
479,W,E,W479E,0.061247,-4.0292
479,W,F,W479F,0.064332,-3.9583
479,W,G,W479G,0.029297,-5.0931
479,W,H,W479H,0.067827,-3.882
479,W,I,W479I,0.088818,-3.493
479,W,K,W479K,0.062175,-4.0075
479,W,L,W479L,0.026147,-5.2572
479,W,M,W479M,0.061722,-4.0181
479,W,N,W479N,0.059457,-4.072
479,W,P,W479P,0.022091,-5.5004
479,W,Q,W479Q,0.074127,-3.7539
479,W,R,W479R,0.044851,-4.4787
479,W,S,W479S,0.017259,-5.8565
479,W,T,W479T,0.031023,-5.0105
479,W,V,W479V,0.031217,-5.0015
479,W,W,W479W,1,0
479,W,Y,W479Y,0.089595,-3.4804
480,L,*,L480*,0.038607,-4.695
480,L,A,L480A,0.037931,-4.7205
480,L,C,L480C,0.12194,-3.0357
480,L,D,L480D,0.069389,-3.8491
480,L,E,L480E,0.081451,-3.6179
480,L,F,L480F,0.073581,-3.7645
480,L,G,L480G,0.035812,-4.8034
480,L,H,L480H,0.055907,-4.1608
480,L,I,L480I,0.095096,-3.3945
480,L,K,L480K,0.066595,-3.9084
480,L,L,L480L,1,0
480,L,M,L480M,0.093629,-3.4169
480,L,N,L480N,0.071508,-3.8057
480,L,P,L480P,0.020281,-5.6237
480,L,Q,L480Q,0.053113,-4.2348
480,L,R,L480R,0.026755,-5.2241
480,L,S,L480S,0.08853,-3.4977
480,L,T,L480T,0.030666,-5.0272
480,L,V,L480V,0.10245,-3.2869
480,L,W,L480W,0.10217,-3.2909
480,L,Y,L480Y,0.063079,-3.9867
481,G,*,G481*,0.085864,-3.5418
481,G,A,G481A,0.034439,-4.8598
481,G,C,G481C,0.10623,-3.2347
481,G,D,G481D,0.081077,-3.6246
481,G,E,G481E,0.15218,-2.7161
481,G,F,G481F,0.10421,-3.2625
481,G,G,G481G,1,0
481,G,H,G481H,0.051714,-4.2733
481,G,I,G481I,0.074688,-3.743
481,G,K,G481K,0.044435,-4.4922
481,G,L,G481L,0.025735,-5.2801
481,G,M,G481M,0.057191,-4.1281
481,G,N,G481N,0.047752,-4.3883
481,G,P,G481P,0.012266,-6.3492
481,G,Q,G481Q,0.060953,-4.0362
481,G,R,G481R,0.042654,-4.5512
481,G,S,G481S,0.024777,-5.3348
481,G,T,G481T,0.023508,-5.4107
481,G,V,G481V,0.05472,-4.1918
481,G,W,G481W,0.077894,-3.6823
481,G,Y,G481Y,0.063936,-3.9672
482,A,*,A482*,0.0608,-4.0398
482,A,A,A482A,1,0
482,A,C,A482C,0.10255,-3.2856
482,A,D,A482D,0.033946,-4.8806
482,A,E,A482E,0.076987,-3.6992
482,A,F,A482F,0.066504,-3.9104
482,A,G,A482G,0.039681,-4.6554
482,A,H,A482H,0.056145,-4.1547
482,A,I,A482I,0.082074,-3.6069
482,A,K,A482K,0.084818,-3.5595
482,A,L,A482L,0.022014,-5.5054
482,A,M,A482M,0.074921,-3.7385
482,A,N,A482N,0.061633,-4.0202
482,A,P,A482P,0.017266,-5.8559
482,A,Q,A482Q,0.069464,-3.8476
482,A,R,A482R,0.023031,-5.4403
482,A,S,A482S,0.94512,-0.081432
482,A,T,A482T,0.08007,-3.6426
482,A,V,A482V,0.036382,-4.7806
482,A,W,A482W,0.08044,-3.6359
482,A,Y,A482Y,0.069341,-3.8502
483,R,*,R483*,0.053505,-4.2242
483,R,A,R483A,0.024579,-5.3464
483,R,C,R483C,0.064331,-3.9583
483,R,D,R483D,0.073507,-3.766
483,R,E,R483E,0.071229,-3.8114
483,R,F,R483F,0.060026,-4.0583
483,R,G,R483G,0.040505,-4.6258
483,R,H,R483H,0.051875,-4.2688
483,R,I,R483I,0.13863,-2.8507
483,R,K,R483K,0.14267,-2.8093
483,R,L,R483L,0.019416,-5.6866
483,R,M,R483M,0.037098,-4.7525
483,R,N,R483N,0.045291,-4.4646
483,R,P,R483P,0.023471,-5.413
483,R,Q,R483Q,0.051436,-4.2811
483,R,R,R483R,1,0
483,R,S,R483S,0.027526,-5.1831
483,R,T,R483T,0.030431,-5.0383
483,R,V,R483V,0.025979,-5.2665
483,R,W,R483W,0.052753,-4.2446
483,R,Y,R483Y,0.055762,-4.1646
484,F,*,F484*,0.046121,-4.4384
484,F,A,F484A,0.034085,-4.8747
484,F,C,F484C,0.044142,-4.5017
484,F,D,F484D,0.061115,-4.0323
484,F,E,F484E,0.055178,-4.1798
484,F,F,F484F,1,0
484,F,G,F484G,0.032222,-4.9558
484,F,H,F484H,0.065841,-3.9249
484,F,I,F484I,0.060416,-4.0489
484,F,K,F484K,0.081719,-3.6132
484,F,L,F484L,0.081579,-3.6157
484,F,M,F484M,0.064421,-3.9563
484,F,N,F484N,0.079857,-3.6464
484,F,P,F484P,0.030359,-5.0417
484,F,Q,F484Q,0.10435,-3.2605
484,F,R,F484R,0.019254,-5.6987
484,F,S,F484S,0.035109,-4.832
484,F,T,F484T,0.043956,-4.5078
484,F,V,F484V,0.033898,-4.8826
484,F,W,F484W,0.061557,-4.0219
484,F,Y,F484Y,0.29302,-1.7709
485,L,*,L485*,0.074609,-3.7445
485,L,A,L485A,0.071149,-3.813
485,L,C,L485C,0.1396,-2.8407
485,L,D,L485D,0.15511,-2.6886
485,L,E,L485E,0.13922,-2.8446
485,L,F,L485F,0.089326,-3.4848
485,L,G,L485G,0.060425,-4.0487
485,L,H,L485H,0.17036,-2.5533
485,L,I,L485I,0.40529,-1.303
485,L,K,L485K,0.16846,-2.5695
485,L,L,L485L,1,0
485,L,M,L485M,0.14602,-2.7757
485,L,N,L485N,0.21957,-2.1873
485,L,P,L485P,0.090961,-3.4586
485,L,Q,L485Q,0.18523,-2.4326
485,L,R,L485R,0.041564,-4.5885
485,L,S,L485S,0.033122,-4.9161
485,L,T,L485T,0.11294,-3.1464
485,L,V,L485V,0.079781,-3.6478
485,L,W,L485W,0.07632,-3.7118
485,L,Y,L485Y,0.34358,-1.5413
486,E,*,E486*,0.10862,-3.2027
486,E,A,E486A,0.048404,-4.3687
486,E,C,E486C,0.12419,-3.0094
486,E,D,E486D,0.10508,-3.2505
486,E,E,E486E,1,0
486,E,F,E486F,0.21629,-2.209
486,E,G,E486G,0.065241,-3.9381
486,E,H,E486H,0.099376,-3.331
486,E,I,E486I,0.1721,-2.5387
486,E,K,E486K,0.10154,-3.2999
486,E,L,E486L,0.054134,-4.2073
486,E,M,E486M,0.063971,-3.9664
486,E,N,E486N,0.093295,-3.4221
486,E,P,E486P,0.051242,-4.2865
486,E,Q,E486Q,0.07216,-3.7927
486,E,R,E486R,0.025702,-5.282
486,E,S,E486S,0.031378,-4.9941
486,E,T,E486T,0.035918,-4.7992
486,E,V,E486V,0.040215,-4.6361
486,E,W,E486W,0.057647,-4.1166
486,E,Y,E486Y,0.1361,-2.8772
487,F,*,F487*,0.11932,-3.0671
487,F,A,F487A,0.050389,-4.3107
487,F,C,F487C,0.17902,-2.4818
487,F,D,F487D,0.10664,-3.2292
487,F,E,F487E,0.13245,-2.9165
487,F,F,F487F,1,0
487,F,G,F487G,0.064992,-3.9436
487,F,H,F487H,0.088519,-3.4979
487,F,I,F487I,0.11439,-3.128
487,F,K,F487K,0.11556,-3.1133
487,F,L,F487L,0.10309,-3.278
487,F,M,F487M,0.11433,-3.1287
487,F,N,F487N,0.14143,-2.8218
487,F,P,F487P,0.037078,-4.7533
487,F,Q,F487Q,0.10348,-3.2725
487,F,R,F487R,0.047805,-4.3867
487,F,S,F487S,0.107,-3.2243
487,F,T,F487T,0.049458,-4.3377
487,F,V,F487V,0.045341,-4.463
487,F,W,F487W,0.10174,-3.297
487,F,Y,F487Y,0.18275,-2.4521
488,E,*,E488*,0.75138,-0.41238
488,E,A,E488A,0.063303,-3.9816
488,E,C,E488C,0.2,-2.3219
488,E,D,E488D,0.12335,-3.0191
488,E,E,E488E,1,0
488,E,F,E488F,0.49166,-1.0243
488,E,G,E488G,0.042596,-4.5532
488,E,H,E488H,0.097966,-3.3516
488,E,I,E488I,0.14109,-2.8253
488,E,K,E488K,0.22705,-2.1389
488,E,L,E488L,0.05057,-4.3056
488,E,M,E488M,0.11147,-3.1652
488,E,N,E488N,0.063832,-3.9696
488,E,P,E488P,0.056184,-4.1537
488,E,Q,E488Q,0.10602,-3.2376
488,E,R,E488R,0.042392,-4.5601
488,E,S,E488S,0.045403,-4.4611
488,E,T,E488T,0.042229,-4.5656
488,E,V,E488V,0.11139,-3.1663
488,E,W,E488W,0.16599,-2.5908
488,E,Y,E488Y,0.1345,-2.8943
489,A,*,A489*,0.047504,-4.3958
489,A,A,A489A,1,0
489,A,C,A489C,0.24943,-2.0033
489,A,D,A489D,0.093708,-3.4157
489,A,E,A489E,0.084212,-3.5698
489,A,F,A489F,0.14082,-2.828
489,A,G,A489G,0.043075,-4.537
489,A,H,A489H,0.042328,-4.5623
489,A,I,A489I,0.072142,-3.793
489,A,K,A489K,0.093901,-3.4127
489,A,L,A489L,0.028458,-5.135
489,A,M,A489M,0.071257,-3.8108
489,A,N,A489N,0.059076,-4.0813
489,A,P,A489P,0.024887,-5.3285
489,A,Q,A489Q,0.052986,-4.2383
489,A,R,A489R,0.020264,-5.6249
489,A,S,A489S,0.2657,-1.9121
489,A,T,A489T,0.11724,-3.0925
489,A,V,A489V,0.10611,-3.2364
489,A,W,A489W,0.076572,-3.707
489,A,Y,A489Y,0.078648,-3.6684
490,L,*,L490*,0.056545,-4.1445
490,L,A,L490A,0.038967,-4.6816
490,L,C,L490C,0.14378,-2.7981
490,L,D,L490D,0.1043,-3.2612
490,L,E,L490E,0.096422,-3.3745
490,L,F,L490F,0.065163,-3.9398
490,L,G,L490G,0.041242,-4.5997
490,L,H,L490H,0.14577,-2.7782
490,L,I,L490I,0.36896,-1.4385
490,L,K,L490K,0.085272,-3.5518
490,L,L,L490L,1,0
490,L,M,L490M,0.12578,-2.9911
490,L,N,L490N,0.094744,-3.3998
490,L,P,L490P,0.043745,-4.5147
490,L,Q,L490Q,0.068121,-3.8758
490,L,R,L490R,0.059446,-4.0723
490,L,S,L490S,0.03288,-4.9266
490,L,T,L490T,0.036379,-4.7808
490,L,V,L490V,0.038739,-4.6901
490,L,W,L490W,0.13138,-2.9282
490,L,Y,L490Y,0.066784,-3.9043
491,G,*,G491*,0.13853,-2.8518
491,G,A,G491A,0.04298,-4.5402
491,G,C,G491C,0.20325,-2.2987
491,G,D,G491D,0.12318,-3.0212
491,G,E,G491E,0.035211,-4.8278
491,G,F,G491F,0.19281,-2.3747
491,G,G,G491G,1,0
491,G,H,G491H,0.12568,-2.9922
491,G,I,G491I,0.17417,-2.5214
491,G,K,G491K,0.11647,-3.102
491,G,L,G491L,0.042353,-4.5614
491,G,M,G491M,0.09683,-3.3684
491,G,N,G491N,0.10438,-3.2601
491,G,P,G491P,0.064438,-3.9559
491,G,Q,G491Q,0.10259,-3.285
491,G,R,G491R,0.047867,-4.3848
491,G,S,G491S,0.04063,-4.6213
491,G,T,G491T,0.047146,-4.4067
491,G,V,G491V,0.15372,-2.7016
491,G,W,G491W,0.10429,-3.2614
491,G,Y,G491Y,0.17615,-2.5051
492,F,*,F492*,0.08478,-3.5601
492,F,A,F492A,0.034138,-4.8725
492,F,C,F492C,0.11489,-3.1217
492,F,D,F492D,0.090954,-3.4587
492,F,E,F492E,0.17928,-2.4797
492,F,F,F492F,1,0
492,F,G,F492G,0.073909,-3.7581
492,F,H,F492H,0.039058,-4.6783
492,F,I,F492I,0.082936,-3.5919
492,F,K,F492K,0.11484,-3.1224
492,F,L,F492L,0.076738,-3.7039
492,F,M,F492M,0.12676,-2.9798
492,F,N,F492N,0.079,-3.662
492,F,P,F492P,0.015962,-5.9692
492,F,Q,F492Q,0.05775,-4.114
492,F,R,F492R,0.024472,-5.3527
492,F,S,F492S,0.010551,-6.5664
492,F,T,F492T,0.024792,-5.334
492,F,V,F492V,0.050667,-4.3028
492,F,W,F492W,0.10251,-3.2861
492,F,Y,F492Y,0.075557,-3.7263
493,L,*,L493*,0.041954,-4.575
493,L,A,L493A,0.061814,-4.0159
493,L,C,L493C,0.09712,-3.3641
493,L,D,L493D,0.11718,-3.0933
493,L,E,L493E,0.11838,-3.0785
493,L,F,L493F,0.37901,-1.3997
493,L,G,L493G,0.065026,-3.9428
493,L,H,L493H,0.085137,-3.5541
493,L,I,L493I,0.13008,-2.9425
493,L,K,L493K,0.10704,-3.2238
493,L,L,L493L,1,0
493,L,M,L493M,0.068322,-3.8715
493,L,N,L493N,0.10712,-3.2227
493,L,P,L493P,0.037401,-4.7408
493,L,Q,L493Q,0.06349,-3.9773
493,L,R,L493R,0.034217,-4.8691
493,L,S,L493S,0.042289,-4.5636
493,L,T,L493T,0.043854,-4.5112
493,L,V,L493V,0.061144,-4.0317
493,L,W,L493W,0.062708,-3.9952
493,L,Y,L493Y,0.069998,-3.8365
494,N,*,N494*,0.30111,-1.7316
494,N,A,N494A,0.065671,-3.9286
494,N,C,N494C,0.17181,-2.5411
494,N,D,N494D,0.026982,-5.2119
494,N,E,N494E,0.34348,-1.5417
494,N,F,N494F,0.10919,-3.1951
494,N,G,N494G,0.1313,-2.929
494,N,H,N494H,0.10726,-3.2208
494,N,I,N494I,0.10053,-3.3143
494,N,K,N494K,0.093805,-3.4142
494,N,L,N494L,0.04798,-4.3814
494,N,M,N494M,0.15342,-2.7045
494,N,N,N494N,1,0
494,N,P,N494P,0.036422,-4.7791
494,N,Q,N494Q,0.35366,-1.4996
494,N,R,N494R,0.06935,-3.85
494,N,S,N494S,0.077415,-3.6912
494,N,T,N494T,0.062958,-3.9895
494,N,V,N494V,0.12762,-2.97
494,N,W,N494W,0.20333,-2.2981
494,N,Y,N494Y,0.1332,-2.9083
495,E,*,E495*,0.076793,-3.7029
495,E,A,E495A,0.051022,-4.2927
495,E,C,E495C,0.054128,-4.2075
495,E,D,E495D,0.031818,-4.974
495,E,E,E495E,1,0
495,E,F,E495F,0.07329,-3.7702
495,E,G,E495G,0.010092,-6.6307
495,E,H,E495H,0.044954,-4.4754
495,E,I,E495I,0.053649,-4.2203
495,E,K,E495K,0.030901,-5.0162
495,E,L,E495L,0.017869,-5.8064
495,E,M,E495M,0.058465,-4.0963
495,E,N,E495N,0.036927,-4.7592
495,E,P,E495P,0.022102,-5.4997
495,E,Q,E495Q,0.28745,-1.7986
495,E,R,E495R,0.019621,-5.6715
495,E,S,E495S,0.021393,-5.5467
495,E,T,E495T,0.022915,-5.4476
495,E,V,E495V,0.055901,-4.161
495,E,W,E495W,0.055963,-4.1594
495,E,Y,E495Y,0.059821,-4.0632
496,D,*,D496*,0.074488,-3.7469
496,D,A,D496A,0.028263,-5.1449
496,D,C,D496C,0.090429,-3.4671
496,D,D,D496D,1,0
496,D,E,D496E,0.10468,-3.2559
496,D,F,D496F,0.061233,-4.0295
496,D,G,D496G,0.0052619,-7.5702
496,D,H,D496H,0.034546,-4.8553
496,D,I,D496I,0.044848,-4.4788
496,D,K,D496K,0.083124,-3.5886
496,D,L,D496L,0.025177,-5.3117
496,D,M,D496M,0.10213,-3.2915
496,D,N,D496N,0.12087,-3.0485
496,D,P,D496P,0.01825,-5.776
496,D,Q,D496Q,0.094403,-3.405
496,D,R,D496R,0.024977,-5.3232
496,D,S,D496S,0.023845,-5.3902
496,D,T,D496T,0.029284,-5.0937
496,D,V,D496V,0.042694,-4.5498
496,D,W,D496W,0.082591,-3.5979
496,D,Y,D496Y,0.12913,-2.9531
497,H,*,H497*,0.068534,-3.867
497,H,A,H497A,0.038284,-4.7071
497,H,C,H497C,0.12417,-3.0096
497,H,D,H497D,0.082552,-3.5985
497,H,E,H497E,0.18893,-2.4041
497,H,F,H497F,0.1122,-3.1558
497,H,G,H497G,0.073261,-3.7708
497,H,H,H497H,1,0
497,H,I,H497I,0.085667,-3.5451
497,H,K,H497K,0.13934,-2.8434
497,H,L,H497L,0.04364,-4.5182
497,H,M,H497M,0.062304,-4.0045
497,H,N,H497N,0.16868,-2.5676
497,H,P,H497P,0.026561,-5.2345
497,H,Q,H497Q,0.15915,-2.6516
497,H,R,H497R,0.13398,-2.8999
497,H,S,H497S,0.025659,-5.2844
497,H,T,H497T,0.028419,-5.137
497,H,V,H497V,0.060172,-4.0548
497,H,W,H497W,0.096598,-3.3719
497,H,Y,H497Y,0.01451,-6.1068
498,W,*,W498*,0.079022,-3.6616
498,W,A,W498A,0.0364,-4.7799
498,W,C,W498C,0.077985,-3.6807
498,W,D,W498D,0.057648,-4.1166
498,W,E,W498E,0.060795,-4.0399
498,W,F,W498F,0.037801,-4.7254
498,W,G,W498G,0.021193,-5.5603
498,W,H,W498H,0.050298,-4.3133
498,W,I,W498I,0.037637,-4.7317
498,W,K,W498K,0.061631,-4.0202
498,W,L,W498L,0.015044,-6.0547
498,W,M,W498M,0.036982,-4.757
498,W,N,W498N,0.049098,-4.3482
498,W,P,W498P,0.019082,-5.7116
498,W,Q,W498Q,0.050153,-4.3175
498,W,R,W498R,0.019246,-5.6993
498,W,S,W498S,0.015717,-5.9915
498,W,T,W498T,0.018009,-5.7951
498,W,V,W498V,0.031725,-4.9782
498,W,W,W498W,1,0
498,W,Y,W498Y,0.043622,-4.5188
499,M,*,M499*,0.040877,-4.6126
499,M,A,M499A,0.028892,-5.1132
499,M,C,M499C,0.068396,-3.8699
499,M,D,M499D,0.069501,-3.8468
499,M,E,M499E,0.049012,-4.3507
499,M,F,M499F,0.068765,-3.8622
499,M,G,M499G,0.028724,-5.1216
499,M,H,M499H,0.034884,-4.8413
499,M,I,M499I,0.030499,-5.0351
499,M,K,M499K,0.054804,-4.1896
499,M,L,M499L,1.5024,0.58725
499,M,M,M499M,1,0
499,M,N,M499N,0.035554,-4.8138
499,M,P,M499P,0.01992,-5.6497
499,M,Q,M499Q,0.049213,-4.3448
499,M,R,M499R,0.021794,-5.5199
499,M,S,M499S,0.027385,-5.1905
499,M,T,M499T,0.07854,-3.6704
499,M,V,M499V,0.039103,-4.6766
499,M,W,M499W,0.053766,-4.2172
499,M,Y,M499Y,0.045798,-4.4486
500,G,*,G500*,0.083246,-3.5865
500,G,A,G500A,2.4363,1.2847
500,G,C,G500C,2.1721,1.1191
500,G,D,G500D,1.0782,0.10868
500,G,E,G500E,1.7642,0.81905
500,G,F,G500F,0.040476,-4.6268
500,G,G,G500G,1,0
500,G,H,G500H,1.3465,0.42926
500,G,I,G500I,0.51346,-0.96168
500,G,K,G500K,1.4897,0.575
500,G,L,G500L,0.062591,-3.9979
500,G,M,G500M,1.2132,0.27885
500,G,N,G500N,1.2116,0.27686
500,G,P,G500P,0.015231,-6.0369
500,G,Q,G500Q,1.8154,0.86025
500,G,R,G500R,0.6739,-0.56939
500,G,S,G500S,1.5241,0.60796
500,G,T,G500T,1.27,0.3448
500,G,V,G500V,1.0597,0.083616
500,G,W,G500W,0.046943,-4.4129
500,G,Y,G500Y,0.047152,-4.4065
501,R,*,R501*,0.065512,-3.9321
501,R,A,R501A,0.022154,-5.4963
501,R,C,R501C,0.040809,-4.615
501,R,D,R501D,0.057068,-4.1312
501,R,E,R501E,0.081752,-3.6126
501,R,F,R501F,0.046628,-4.4226
501,R,G,R501G,0.0051344,-7.6056
501,R,H,R501H,0.03461,-4.8527
501,R,I,R501I,0.11031,-3.1803
501,R,K,R501K,0.090328,-3.4687
501,R,L,R501L,0.014776,-6.0806
501,R,M,R501M,0.04621,-4.4357
501,R,N,R501N,0.051839,-4.2698
501,R,P,R501P,0.011068,-6.4975
501,R,Q,R501Q,0.047066,-4.4092
501,R,R,R501R,1,0
501,R,S,R501S,0.025976,-5.2666
501,R,T,R501T,0.020195,-5.6298
501,R,V,R501V,0.035675,-4.8089
501,R,W,R501W,0.056574,-4.1437
501,R,Y,R501Y,0.037976,-4.7188
502,E,*,E502*,0.16274,-2.6194
502,E,A,E502A,0.68952,-0.53633
502,E,C,E502C,0.45036,-1.1508
502,E,D,E502D,1.1028,0.14123
502,E,E,E502E,1,0
502,E,F,E502F,0.080706,-3.6312
502,E,G,E502G,0.34017,-1.5557
502,E,H,E502H,0.68105,-0.55416
502,E,I,E502I,0.38098,-1.3922
502,E,K,E502K,0.2211,-2.1772
502,E,L,E502L,0.32701,-1.6126
502,E,M,E502M,0.25263,-1.9849
502,E,N,E502N,0.65667,-0.60676
502,E,P,E502P,0.34588,-1.5316
502,E,Q,E502Q,0.92807,-0.1077
502,E,R,E502R,0.24355,-2.0377
502,E,S,E502S,0.94358,-0.083788
502,E,T,E502T,0.65106,-0.61915
502,E,V,E502V,0.54974,-0.86318
502,E,W,E502W,0.06581,-3.9256
502,E,Y,E502Y,0.12958,-2.9481
503,N,*,N503*,0.045741,-4.4504
503,N,A,N503A,0.11035,-3.1799
503,N,C,N503C,0.25465,-1.9734
503,N,D,N503D,0.013262,-6.2365
503,N,E,N503E,0.073521,-3.7657
503,N,F,N503F,0.057265,-4.1262
503,N,G,N503G,0.042361,-4.5611
503,N,H,N503H,0.076611,-3.7063
503,N,I,N503I,0.098146,-3.3489
503,N,K,N503K,0.056589,-4.1433
503,N,L,N503L,0.01603,-5.963
503,N,M,N503M,0.23463,-2.0915
503,N,N,N503N,1,0
503,N,P,N503P,0.016578,-5.9146
503,N,Q,N503Q,0.093124,-3.4247
503,N,R,N503R,0.020215,-5.6284
503,N,S,N503S,0.049089,-4.3485
503,N,T,N503T,0.68541,-0.54496
503,N,V,N503V,0.10896,-3.1981
503,N,W,N503W,0.067115,-3.8972
503,N,Y,N503Y,0.099305,-3.332
504,S,*,S504*,0.072287,-3.7901
504,S,A,S504A,0.044983,-4.4745
504,S,C,S504C,1.5374,0.62047
504,S,D,S504D,0.070896,-3.8181
504,S,E,S504E,0.058136,-4.1044
504,S,F,S504F,0.054643,-4.1938
504,S,G,S504G,0.031224,-5.0012
504,S,H,S504H,0.045553,-4.4563
504,S,I,S504I,0.061451,-4.0244
504,S,K,S504K,0.052682,-4.2465
504,S,L,S504L,0.048868,-4.355
504,S,M,S504M,0.084619,-3.5629
504,S,N,S504N,0.047692,-4.3901
504,S,P,S504P,0.063696,-3.9726
504,S,Q,S504Q,0.087079,-3.5215
504,S,R,S504R,0.021636,-5.5304
504,S,S,S504S,1,0
504,S,T,S504T,0.03044,-5.0379
504,S,V,S504V,0.026947,-5.2137
504,S,W,S504W,0.081412,-3.6186
504,S,Y,S504Y,0.042844,-4.5447
505,G,*,G505*,0.069743,-3.8418
505,G,A,G505A,0.24471,-2.0309
505,G,C,G505C,0.095493,-3.3885
505,G,D,G505D,0.073346,-3.7691
505,G,E,G505E,0.06217,-4.0076
505,G,F,G505F,0.059485,-4.0713
505,G,G,G505G,1,0
505,G,H,G505H,0.032336,-4.9507
505,G,I,G505I,0.043902,-4.5096
505,G,K,G505K,0.076169,-3.7146
505,G,L,G505L,0.046519,-4.426
505,G,M,G505M,0.12507,-2.9991
505,G,N,G505N,0.061367,-4.0264
505,G,P,G505P,0.015124,-6.047
505,G,Q,G505Q,0.071763,-3.8006
505,G,R,G505R,0.014137,-6.1444
505,G,S,G505S,0.021205,-5.5594
505,G,T,G505T,0.022743,-5.4584
505,G,V,G505V,0.036237,-4.7864
505,G,W,G505W,0.059187,-4.0786
505,G,Y,G505Y,0.064281,-3.9595
506,G,*,G506*,0.048451,-4.3673
506,G,A,G506A,0.49281,-1.0209
506,G,C,G506C,0.051633,-4.2756
506,G,D,G506D,0.052565,-4.2498
506,G,E,G506E,0.055723,-4.1656
506,G,F,G506F,0.053065,-4.2361
506,G,G,G506G,1,0
506,G,H,G506H,0.040475,-4.6268
506,G,I,G506I,0.052156,-4.261
506,G,K,G506K,0.04327,-4.5305
506,G,L,G506L,0.017431,-5.8422
506,G,M,G506M,0.052701,-4.246
506,G,N,G506N,0.035952,-4.7978
506,G,P,G506P,0.015158,-6.0438
506,G,Q,G506Q,0.051974,-4.2661
506,G,R,G506R,0.015317,-6.0287
506,G,S,G506S,0.0622,-4.0069
506,G,T,G506T,0.022067,-5.502
506,G,V,G506V,0.020544,-5.6051
506,G,W,G506W,0.043497,-4.5229
506,G,Y,G506Y,0.045588,-4.4552
507,G,*,G507*,0.17236,-2.5365
507,G,A,G507A,0.028146,-5.1509
507,G,C,G507C,0.06859,-3.8659
507,G,D,G507D,0.082425,-3.6008
507,G,E,G507E,0.059411,-4.0731
507,G,F,G507F,0.061672,-4.0192
507,G,G,G507G,1,0
507,G,H,G507H,0.051883,-4.2686
507,G,I,G507I,0.078266,-3.6755
507,G,K,G507K,0.087354,-3.517
507,G,L,G507L,0.030226,-5.0481
507,G,M,G507M,0.092395,-3.436
507,G,N,G507N,0.049374,-4.3401
507,G,P,G507P,0.025275,-5.3062
507,G,Q,G507Q,0.090858,-3.4602
507,G,R,G507R,0.046186,-4.4364
507,G,S,G507S,0.02107,-5.5687
507,G,T,G507T,0.02801,-5.1579
507,G,V,G507V,0.052629,-4.248
507,G,W,G507W,0.08385,-3.5761
507,G,Y,G507Y,0.050685,-4.3023
508,V,*,V508*,0.050282,-4.3138
508,V,A,V508A,0.032259,-4.9541
508,V,C,V508C,0.36252,-1.4639
508,V,D,V508D,0.044946,-4.4757
508,V,E,V508E,0.065449,-3.9335
508,V,F,V508F,0.0577,-4.1153
508,V,G,V508G,0.030112,-5.0535
508,V,H,V508H,0.030444,-5.0377
508,V,I,V508I,0.054733,-4.1915
508,V,K,V508K,0.055906,-4.1608
508,V,L,V508L,0.022695,-5.4615
508,V,M,V508M,0.070586,-3.8245
508,V,N,V508N,0.049972,-4.3227
508,V,P,V508P,0.017646,-5.8245
508,V,Q,V508Q,0.041847,-4.5787
508,V,R,V508R,0.017469,-5.839
508,V,S,V508S,0.01696,-5.8817
508,V,T,V508T,0.078313,-3.6746
508,V,V,V508V,1,0
508,V,W,V508W,0.062327,-4.004
508,V,Y,V508Y,0.051965,-4.2663
509,E,*,E509*,0.078951,-3.6629
509,E,A,E509A,0.019753,-5.6618
509,E,C,E509C,0.1478,-2.7583
509,E,D,E509D,0.044595,-4.487
509,E,E,E509E,1,0
509,E,F,E509F,0.042285,-4.5637
509,E,G,E509G,0.15041,-2.7331
509,E,H,E509H,0.024431,-5.3551
509,E,I,E509I,0.044595,-4.487
509,E,K,E509K,0.044517,-4.4895
509,E,L,E509L,0.013997,-6.1587
509,E,M,E509M,0.053835,-4.2153
509,E,N,E509N,0.033123,-4.916
509,E,P,E509P,0.011805,-6.4045
509,E,Q,E509Q,0.037998,-4.7179
509,E,R,E509R,0.011765,-6.4093
509,E,S,E509S,0.067245,-3.8944
509,E,T,E509T,0.015211,-6.0388
509,E,V,E509V,0.033025,-4.9203
509,E,W,E509W,0.053698,-4.219
509,E,Y,E509Y,0.028581,-5.1288
510,G,*,G510*,0.052504,-4.2514
510,G,A,G510A,0.13449,-2.8944
510,G,C,G510C,0.060566,-4.0453
510,G,D,G510D,0.060251,-4.0529
510,G,E,G510E,0.1859,-2.4274
510,G,F,G510F,0.080261,-3.6392
510,G,G,G510G,1,0
510,G,H,G510H,0.041673,-4.5848
510,G,I,G510I,0.065958,-3.9223
510,G,K,G510K,0.074263,-3.7512
510,G,L,G510L,0.016271,-5.9416
510,G,M,G510M,0.071786,-3.8002
510,G,N,G510N,0.064258,-3.96
510,G,P,G510P,0.019234,-5.7002
510,G,Q,G510Q,0.04177,-4.5814
510,G,R,G510R,0.055442,-4.1729
510,G,S,G510S,0.20666,-2.2746
510,G,T,G510T,0.022852,-5.4515
510,G,V,G510V,0.043178,-4.5335
510,G,W,G510W,0.056608,-4.1429
510,G,Y,G510Y,0.074506,-3.7465
511,L,*,L511*,0.052779,-4.2439
511,L,A,L511A,0.14906,-2.746
511,L,C,L511C,0.54611,-0.87274
511,L,D,L511D,0.081573,-3.6158
511,L,E,L511E,0.067205,-3.8953
511,L,F,L511F,0.44605,-1.1647
511,L,G,L511G,0.023756,-5.3955
511,L,H,L511H,0.087927,-3.5075
511,L,I,L511I,0.11002,-3.1841
511,L,K,L511K,0.19022,-2.3942
511,L,L,L511L,1,0
511,L,M,L511M,0.59912,-0.73909
511,L,N,L511N,0.19125,-2.3864
511,L,P,L511P,0.020951,-5.5768
511,L,Q,L511Q,0.75007,-0.4149
511,L,R,L511R,0.090503,-3.4659
511,L,S,L511S,0.34438,-1.5379
511,L,T,L511T,0.15994,-2.6444
511,L,V,L511V,0.046196,-4.4361
511,L,W,L511W,0.43197,-1.211
511,L,Y,L511Y,0.33522,-1.5768
512,G,*,G512*,0.092299,-3.4375
512,G,A,G512A,0.20683,-2.2735
512,G,C,G512C,0.042996,-4.5397
512,G,D,G512D,0.051315,-4.2845
512,G,E,G512E,0.034701,-4.8489
512,G,F,G512F,0.064813,-3.9476
512,G,G,G512G,1,0
512,G,H,G512H,0.030382,-5.0406
512,G,I,G512I,0.065377,-3.9351
512,G,K,G512K,0.036517,-4.7753
512,G,L,G512L,0.016541,-5.9178
512,G,M,G512M,0.053696,-4.219
512,G,N,G512N,0.04437,-4.4943
512,G,P,G512P,0.19176,-2.3826
512,G,Q,G512Q,0.053966,-4.2118
512,G,R,G512R,0.045818,-4.4479
512,G,S,G512S,0.2087,-2.2605
512,G,T,G512T,0.018406,-5.7637
512,G,V,G512V,0.1003,-3.3176
512,G,W,G512W,0.056027,-4.1577
512,G,Y,G512Y,0.039339,-4.6679
513,L,*,L513*,0.045902,-4.4453
513,L,A,L513A,0.055574,-4.1695
513,L,C,L513C,0.071639,-3.8031
513,L,D,L513D,0.07541,-3.7291
513,L,E,L513E,0.085574,-3.5467
513,L,F,L513F,0.23,-2.1203
513,L,G,L513G,0.021967,-5.5085
513,L,H,L513H,0.13459,-2.8934
513,L,I,L513I,7.4844,2.9039
513,L,K,L513K,0.069508,-3.8467
513,L,L,L513L,1,0
513,L,M,L513M,0.74361,-0.42739
513,L,N,L513N,0.042787,-4.5467
513,L,P,L513P,0.049016,-4.3506
513,L,Q,L513Q,0.11213,-3.1567
513,L,R,L513R,0.017541,-5.8331
513,L,S,L513S,0.049344,-4.341
513,L,T,L513T,0.57148,-0.80724
513,L,V,L513V,5.4143,2.4368
513,L,W,L513W,0.060656,-4.0432
513,L,Y,L513Y,0.058033,-4.107
514,Q,*,Q514*,0.052423,-4.2537
514,Q,A,Q514A,2.9619,1.5665
514,Q,C,Q514C,2.5941,1.3752
514,Q,D,Q514D,0.2772,-1.851
514,Q,E,Q514E,0.43103,-1.2141
514,Q,F,Q514F,0.12232,-3.0313
514,Q,G,Q514G,0.096638,-3.3713
514,Q,H,Q514H,0.3201,-1.6434
514,Q,I,Q514I,0.39317,-1.3468
514,Q,K,Q514K,0.29865,-1.7435
514,Q,L,Q514L,0.034684,-4.8496
514,Q,M,Q514M,0.47207,-1.0829
514,Q,N,Q514N,1.0826,0.11451
514,Q,P,Q514P,5.565,2.4764
514,Q,Q,Q514Q,1,0
514,Q,R,Q514R,0.013768,-6.1826
514,Q,S,Q514S,3.5827,1.8411
514,Q,T,Q514T,3.4292,1.7779
514,Q,V,Q514V,1.4128,0.49852
514,Q,W,Q514W,0.088959,-3.4907
514,Q,Y,Q514Y,2.247,1.168
515,R,*,R515*,0.093866,-3.4133
515,R,A,R515A,0.057754,-4.1139
515,R,C,R515C,0.1324,-2.917
515,R,D,R515D,0.059181,-4.0787
515,R,E,R515E,0.10973,-3.1879
515,R,F,R515F,0.066018,-3.921
515,R,G,R515G,0.053903,-4.2135
515,R,H,R515H,0.031565,-4.9855
515,R,I,R515I,0.18707,-2.4184
515,R,K,R515K,0.92695,-0.10944
515,R,L,R515L,0.020579,-5.6027
515,R,M,R515M,0.053671,-4.2197
515,R,N,R515N,0.035548,-4.8141
515,R,P,R515P,0.017592,-5.829
515,R,Q,R515Q,0.085933,-3.5406
515,R,R,R515R,1,0
515,R,S,R515S,0.093435,-3.4199
515,R,T,R515T,0.033623,-4.8944
515,R,V,R515V,0.027848,-5.1663
515,R,W,R515W,0.050551,-4.3061
515,R,Y,R515Y,0.18196,-2.4583
516,L,*,L516*,0.033552,-4.8974
516,L,A,L516A,0.018441,-5.7609
516,L,C,L516C,0.050243,-4.3149
516,L,D,L516D,0.037779,-4.7263
516,L,E,L516E,0.034022,-4.8774
516,L,F,L516F,0.16302,-2.6168
516,L,G,L516G,0.019551,-5.6766
516,L,H,L516H,0.099718,-3.326
516,L,I,L516I,0.48574,-1.0417
516,L,K,L516K,0.03479,-4.8452
516,L,L,L516L,1,0
516,L,M,L516M,1.8289,0.87098
516,L,N,L516N,0.027619,-5.1782
516,L,P,L516P,0.07449,-3.7468
516,L,Q,L516Q,0.025911,-5.2703
516,L,R,L516R,0.017032,-5.8756
516,L,S,L516S,0.015624,-6.0001
516,L,T,L516T,0.015496,-6.012
516,L,V,L516V,0.17651,-2.5022
516,L,W,L516W,0.056775,-4.1386
516,L,Y,L516Y,0.053488,-4.2247
517,G,*,G517*,0.024098,-5.375
517,G,A,G517A,0.023944,-5.3842
517,G,C,G517C,0.050195,-4.3163
517,G,D,G517D,0.042436,-4.5586
517,G,E,G517E,0.018526,-5.7543
517,G,F,G517F,0.05592,-4.1605
517,G,G,G517G,1,0
517,G,H,G517H,0.040248,-4.6349
517,G,I,G517I,0.05122,-4.2871
517,G,K,G517K,0.049887,-4.3252
517,G,L,G517L,0.01357,-6.2034
517,G,M,G517M,0.039086,-4.6772
517,G,N,G517N,0.042521,-4.5557
517,G,P,G517P,0.022935,-5.4463
517,G,Q,G517Q,0.038043,-4.7162
517,G,R,G517R,0.0093314,-6.7437
517,G,S,G517S,0.01533,-6.0275
517,G,T,G517T,0.024935,-5.3257
517,G,V,G517V,0.053596,-4.2217
517,G,W,G517W,0.053151,-4.2337
517,G,Y,G517Y,0.040094,-4.6405
518,Y,*,Y518*,0.047803,-4.3868
518,Y,A,Y518A,0.041972,-4.5744
518,Y,C,Y518C,0.11126,-3.168
518,Y,D,Y518D,0.08573,-3.5441
518,Y,E,Y518E,0.079006,-3.6619
518,Y,F,Y518F,0.15491,-2.6905
518,Y,G,Y518G,0.029811,-5.068
518,Y,H,Y518H,0.035327,-4.8231
518,Y,I,Y518I,0.076774,-3.7032
518,Y,K,Y518K,0.052084,-4.263
518,Y,L,Y518L,0.019069,-5.7127
518,Y,M,Y518M,0.063378,-3.9799
518,Y,N,Y518N,0.16003,-2.6435
518,Y,P,Y518P,0.38589,-1.3737
518,Y,Q,Y518Q,0.054658,-4.1934
518,Y,R,Y518R,0.018018,-5.7944
518,Y,S,Y518S,0.031571,-4.9853
518,Y,T,Y518T,0.040265,-4.6343
518,Y,V,Y518V,0.037481,-4.7377
518,Y,W,Y518W,0.10152,-3.3002
518,Y,Y,Y518Y,1,0
519,I,*,I519*,0.032268,-4.9538
519,I,A,I519A,0.04125,-4.5995
519,I,C,I519C,0.46856,-1.0937
519,I,D,I519D,0.048266,-4.3728
519,I,E,I519E,0.042233,-4.5655
519,I,F,I519F,0.060638,-4.0436
519,I,G,I519G,0.01627,-5.9417
519,I,H,I519H,0.031149,-5.0047
519,I,I,I519I,1,0
519,I,K,I519K,0.039488,-4.6625
519,I,L,I519L,0.33502,-1.5777
519,I,M,I519M,0.081382,-3.6192
519,I,N,I519N,0.041013,-4.6078
519,I,P,I519P,0.010982,-6.5087
519,I,Q,I519Q,0.027014,-5.2101
519,I,R,I519R,0.0097278,-6.6837
519,I,S,I519S,0.014575,-6.1004
519,I,T,I519T,0.018778,-5.7348
519,I,V,I519V,0.99953,-0.00068476
519,I,W,I519W,0.03081,-5.0204
519,I,Y,I519Y,0.040538,-4.6246
520,L,*,L520*,0.019565,-5.6755
520,L,A,L520A,0.012847,-6.2824
520,L,C,L520C,0.033198,-4.9127
520,L,D,L520D,0.019448,-5.6843
520,L,E,L520E,0.038109,-4.7137
520,L,F,L520F,0.042038,-4.5722
520,L,G,L520G,0.012926,-6.2736
520,L,H,L520H,0.021451,-5.5428
520,L,I,L520I,1.8503,0.88777
520,L,K,L520K,0.020783,-5.5884
520,L,L,L520L,1,0
520,L,M,L520M,0.59942,-0.73836
520,L,N,L520N,0.018662,-5.7438
520,L,P,L520P,0.01324,-6.2389
520,L,Q,L520Q,0.029152,-5.1003
520,L,R,L520R,0.011983,-6.3829
520,L,S,L520S,0.010333,-6.5966
520,L,T,L520T,0.010372,-6.5912
520,L,V,L520V,0.11437,-3.1282
520,L,W,L520W,0.030095,-5.0543
520,L,Y,L520Y,0.020508,-5.6076
521,E,*,E521*,0.072056,-3.7947
521,E,A,E521A,0.10456,-3.2576
521,E,C,E521C,0.22314,-2.164
521,E,D,E521D,0.14872,-2.7493
521,E,E,E521E,1,0
521,E,F,E521F,0.034246,-4.8679
521,E,G,E521G,0.12578,-2.991
521,E,H,E521H,0.060212,-4.0538
521,E,I,E521I,0.031325,-4.9965
521,E,K,E521K,0.016855,-5.8907
521,E,L,E521L,0.021035,-5.571
521,E,M,E521M,0.13977,-2.8389
521,E,N,E521N,0.027333,-5.1932
521,E,P,E521P,0.011174,-6.4837
521,E,Q,E521Q,0.41112,-1.2824
521,E,R,E521R,0.015703,-5.9928
521,E,S,E521S,0.04609,-4.4394
521,E,T,E521T,0.012326,-6.3421
521,E,V,E521V,0.019454,-5.6838
521,E,W,E521W,0.03773,-4.7282
521,E,Y,E521Y,0.12101,-3.0468
522,E,*,E522*,0.088169,-3.5036
522,E,A,E522A,0.45533,-1.135
522,E,C,E522C,0.12219,-3.0328
522,E,D,E522D,0.64652,-0.62923
522,E,E,E522E,1,0
522,E,F,E522F,0.044926,-4.4763
522,E,G,E522G,0.51387,-0.96054
522,E,H,E522H,0.3586,-1.4795
522,E,I,E522I,0.098924,-3.3375
522,E,K,E522K,0.57116,-0.80804
522,E,L,E522L,0.10741,-3.2188
522,E,M,E522M,0.2206,-2.1805
522,E,N,E522N,0.46616,-1.1011
522,E,P,E522P,0.011268,-6.4716
522,E,Q,E522Q,0.95632,-0.064437
522,E,R,E522R,0.36936,-1.4369
522,E,S,E522S,0.59223,-0.75577
522,E,T,E522T,0.54708,-0.87017
522,E,V,E522V,0.081437,-3.6182
522,E,W,E522W,0.036219,-4.7871
522,E,Y,E522Y,0.029121,-5.1018
523,M,*,M523*,0.029517,-5.0823
523,M,A,M523A,0.031655,-4.9814
523,M,C,M523C,0.11792,-3.0841
523,M,D,M523D,0.067731,-3.884
523,M,E,M523E,0.0693,-3.851
523,M,F,M523F,0.069157,-3.854
523,M,G,M523G,0.030087,-5.0547
523,M,H,M523H,0.033081,-4.9178
523,M,I,M523I,4.6501,2.2173
523,M,K,M523K,0.043348,-4.5279
523,M,L,M523L,3.3282,1.7348
523,M,M,M523M,1,0
523,M,N,M523N,0.04178,-4.5811
523,M,P,M523P,0.015828,-5.9814
523,M,Q,M523Q,0.042207,-4.5664
523,M,R,M523R,0.017824,-5.81
523,M,S,M523S,0.017967,-5.7985
523,M,T,M523T,0.013831,-6.1759
523,M,V,M523V,4.528,2.1789
523,M,W,M523W,0.067161,-3.8962
523,M,Y,M523Y,0.044631,-4.4858
524,N,*,N524*,0.053016,-4.2374
524,N,A,N524A,0.38211,-1.3879
524,N,C,N524C,0.16726,-2.5799
524,N,D,N524D,0.67033,-0.57705
524,N,E,N524E,0.21018,-2.2503
524,N,F,N524F,0.11327,-3.1421
524,N,G,N524G,0.049595,-4.3337
524,N,H,N524H,0.42965,-1.2188
524,N,I,N524I,0.075818,-3.7213
524,N,K,N524K,0.10746,-3.2182
524,N,L,N524L,0.021206,-5.5594
524,N,M,N524M,0.28509,-1.8105
524,N,N,N524N,1,0
524,N,P,N524P,0.021092,-5.5671
524,N,Q,N524Q,0.50319,-0.99082
524,N,R,N524R,0.021491,-5.5401
524,N,S,N524S,0.95913,-0.060207
524,N,T,N524T,0.26576,-1.9118
524,N,V,N524V,0.070573,-3.8247
524,N,W,N524W,0.13174,-2.9242
524,N,Y,N524Y,0.16258,-2.6208
525,R,*,R525*,0.056733,-4.1397
525,R,A,R525A,0.64303,-0.63705
525,R,C,R525C,1.1608,0.21512
525,R,D,R525D,0.55777,-0.84226
525,R,E,R525E,1.0806,0.11188
525,R,F,R525F,0.68765,-0.54025
525,R,G,R525G,0.65992,-0.59964
525,R,H,R525H,0.87219,-0.19728
525,R,I,R525I,0.23968,-2.0608
525,R,K,R525K,1.24,0.31034
525,R,L,R525L,1.0371,0.052599
525,R,M,R525M,1.004,0.0057364
525,R,N,R525N,0.95586,-0.065134
525,R,P,R525P,0.021195,-5.5601
525,R,Q,R525Q,1.0118,0.016914
525,R,R,R525R,1,0
525,R,S,R525S,0.92398,-0.11406
525,R,T,R525T,1.0649,0.090665
525,R,V,R525V,0.22853,-2.1296
525,R,W,R525W,0.31538,-1.6648
525,R,Y,R525Y,1.1755,0.23322
526,A,*,A526*,0.078377,-3.6734
526,A,A,A526A,1,0
526,A,C,A526C,2.3934,1.2591
526,A,D,A526D,0.08767,-3.5118
526,A,E,A526E,1.4139,0.49966
526,A,F,A526F,2.6084,1.3832
526,A,G,A526G,0.23048,-2.1173
526,A,H,A526H,1.6865,0.75403
526,A,I,A526I,5.3494,2.4194
526,A,K,A526K,2.1444,1.1005
526,A,L,A526L,1.5502,0.63244
526,A,M,A526M,0.94424,-0.082778
526,A,N,A526N,0.77726,-0.36353
526,A,P,A526P,0.018278,-5.7738
526,A,Q,A526Q,1.0945,0.13025
526,A,R,A526R,1.1298,0.17607
526,A,S,A526S,1.2435,0.3144
526,A,T,A526T,1.7577,0.81373
526,A,V,A526V,1.7457,0.80378
526,A,W,A526W,1.5208,0.60479
526,A,Y,A526Y,2.2042,1.1402
527,P,*,P527*,0.071856,-3.7987
527,P,A,P527A,0.49632,-1.0107
527,P,C,P527C,0.89033,-0.16758
527,P,D,P527D,0.62712,-0.67319
527,P,E,P527E,0.74226,-0.43001
527,P,F,P527F,0.21069,-2.2468
527,P,G,P527G,0.27194,-1.8786
527,P,H,P527H,0.84072,-0.25031
527,P,I,P527I,0.071685,-3.8022
527,P,K,P527K,0.18281,-2.4516
527,P,L,P527L,0.16014,-2.6426
527,P,M,P527M,0.14072,-2.8291
527,P,N,P527N,0.75586,-0.40381
527,P,P,P527P,1,0
527,P,Q,P527Q,0.50043,-0.99877
527,P,R,P527R,0.2148,-2.2189
527,P,S,P527S,0.52062,-0.94171
527,P,T,P527T,0.40009,-1.3216
527,P,V,P527V,0.069889,-3.8388
527,P,W,P527W,0.097519,-3.3582
527,P,Y,P527Y,0.28854,-1.7932
528,G,*,G528*,0.040488,-4.6264
528,G,A,G528A,0.029788,-5.0691
528,G,C,G528C,0.040108,-4.6399
528,G,D,G528D,0.048821,-4.3564
528,G,E,G528E,0.035084,-4.8331
528,G,F,G528F,0.054442,-4.1991
528,G,G,G528G,1,0
528,G,H,G528H,0.044844,-4.4789
528,G,I,G528I,0.05446,-4.1987
528,G,K,G528K,0.057352,-4.124
528,G,L,G528L,0.016105,-5.9564
528,G,M,G528M,0.067655,-3.8857
528,G,N,G528N,0.058979,-4.0837
528,G,P,G528P,0.016322,-5.9371
528,G,Q,G528Q,0.050845,-4.2978
528,G,R,G528R,0.049363,-4.3404
528,G,S,G528S,0.015635,-5.9991
528,G,T,G528T,0.023823,-5.3915
528,G,V,G528V,0.019539,-5.6775
528,G,W,G528W,0.047085,-4.4086
528,G,Y,G528Y,0.036765,-4.7655
529,G,*,G529*,0.10894,-3.1984
529,G,A,G529A,0.12973,-2.9464
529,G,C,G529C,0.0533,-4.2297
529,G,D,G529D,0.041011,-4.6078
529,G,E,G529E,0.097731,-3.355
529,G,F,G529F,0.039706,-4.6545
529,G,G,G529G,1,0
529,G,H,G529H,0.045715,-4.4512
529,G,I,G529I,0.040908,-4.6115
529,G,K,G529K,0.061051,-4.0338
529,G,L,G529L,0.0097606,-6.6788
529,G,M,G529M,0.042275,-4.564
529,G,N,G529N,0.08511,-3.5545
529,G,P,G529P,0.010527,-6.5697
529,G,Q,G529Q,0.037613,-4.7326
529,G,R,G529R,0.0084344,-6.8895
529,G,S,G529S,0.13584,-2.88
529,G,T,G529T,0.028287,-5.1437
529,G,V,G529V,0.018361,-5.7672
529,G,W,G529W,0.035976,-4.7968
529,G,Y,G529Y,0.042068,-4.5711
530,K,*,K530*,0.038528,-4.6979
530,K,A,K530A,0.47123,-1.0855
530,K,C,K530C,0.55024,-0.86187
530,K,D,K530D,0.063467,-3.9779
530,K,E,K530E,0.020818,-5.586
530,K,F,K530F,0.34748,-1.525
530,K,G,K530G,0.024939,-5.3255
530,K,H,K530H,0.79594,-0.32927
530,K,I,K530I,0.051034,-4.2924
530,K,K,K530K,1,0
530,K,L,K530L,0.83967,-0.25211
530,K,M,K530M,0.7243,-0.46534
530,K,N,K530N,0.54077,-0.88692
530,K,P,K530P,0.034047,-4.8763
530,K,Q,K530Q,0.26659,-1.9073
530,K,R,K530R,0.51655,-0.95301
530,K,S,K530S,0.25958,-1.9458
530,K,T,K530T,0.064985,-3.9438
530,K,V,K530V,0.030794,-5.0212
530,K,W,K530W,0.056672,-4.1412
530,K,Y,K530Y,0.53094,-0.91338
531,M,*,M531*,0.041874,-4.5778
531,M,A,M531A,0.027621,-5.1781
531,M,C,M531C,0.073647,-3.7632
531,M,D,M531D,0.05765,-4.1165
531,M,E,M531E,0.082005,-3.6081
531,M,F,M531F,0.078103,-3.6785
531,M,G,M531G,0.024936,-5.3256
531,M,H,M531H,0.044725,-4.4828
531,M,I,M531I,0.60439,-0.72644
531,M,K,M531K,0.068748,-3.8625
531,M,L,M531L,0.33358,-1.5839
531,M,M,M531M,1,0
531,M,N,M531N,0.075003,-3.7369
531,M,P,M531P,0.014226,-6.1354
531,M,Q,M531Q,0.043784,-4.5135
531,M,R,M531R,0.022501,-5.4739
531,M,S,M531S,0.021809,-5.5189
531,M,T,M531T,0.037584,-4.7337
531,M,V,M531V,0.014253,-6.1326
531,M,W,M531W,0.053886,-4.214
531,M,Y,M531Y,0.047299,-4.4021
532,Y,*,Y532*,0.034388,-4.862
532,Y,A,Y532A,0.030701,-5.0256
532,Y,C,Y532C,0.084566,-3.5638
532,Y,D,Y532D,0.10504,-3.251
532,Y,E,Y532E,0.085702,-3.5445
532,Y,F,Y532F,0.18451,-2.4383
532,Y,G,Y532G,0.025739,-5.2799
532,Y,H,Y532H,0.12167,-3.039
532,Y,I,Y532I,0.087001,-3.5228
532,Y,K,Y532K,0.1171,-3.0942
532,Y,L,Y532L,0.024765,-5.3356
532,Y,M,Y532M,0.080416,-3.6364
532,Y,N,Y532N,0.061564,-4.0218
532,Y,P,Y532P,0.015675,-5.9954
532,Y,Q,Y532Q,0.093609,-3.4172
532,Y,R,Y532R,0.019246,-5.6993
532,Y,S,Y532S,0.017947,-5.8001
532,Y,T,Y532T,0.024997,-5.3221
532,Y,V,Y532V,0.039257,-4.6709
532,Y,W,Y532W,0.064856,-3.9466
532,Y,Y,Y532Y,1,0
533,A,*,A533*,0.036623,-4.7711
533,A,A,A533A,1,0
533,A,C,A533C,0.034515,-4.8566
533,A,D,A533D,0.038627,-4.6942
533,A,E,A533E,0.048279,-4.3724
533,A,F,A533F,0.035317,-4.8235
533,A,G,A533G,0.041868,-4.578
533,A,H,A533H,0.02096,-5.5762
533,A,I,A533I,0.033731,-4.8898
533,A,K,A533K,0.032895,-4.926
533,A,L,A533L,0.011308,-6.4666
533,A,M,A533M,0.045161,-4.4688
533,A,N,A533N,0.033871,-4.8838
533,A,P,A533P,0.0086419,-6.8544
533,A,Q,A533Q,0.03333,-4.907
533,A,R,A533R,0.010628,-6.556
533,A,S,A533S,0.16132,-2.632
533,A,T,A533T,0.018538,-5.7534
533,A,V,A533V,0.023974,-5.3824
533,A,W,A533W,0.03908,-4.6774
533,A,Y,A533Y,0.033661,-4.8928
534,D,*,D534*,0.034908,-4.8403
534,D,A,D534A,0.021381,-5.5476
534,D,C,D534C,0.073642,-3.7633
534,D,D,D534D,1,0
534,D,E,D534E,0.037215,-4.748
534,D,F,D534F,0.037746,-4.7276
534,D,G,D534G,0.12036,-3.0546
534,D,H,D534H,0.029288,-5.0935
534,D,I,D534I,0.03888,-4.6848
534,D,K,D534K,0.065313,-3.9365
534,D,L,D534L,0.012118,-6.3667
534,D,M,D534M,0.044189,-4.5002
534,D,N,D534N,0.081001,-3.6259
534,D,P,D534P,0.012503,-6.3216
534,D,Q,D534Q,0.045653,-4.4531
534,D,R,D534R,0.015029,-6.0561
534,D,S,D534S,0.014058,-6.1524
534,D,T,D534T,0.020502,-5.6081
534,D,V,D534V,0.035714,-4.8074
534,D,W,D534W,0.043951,-4.508
534,D,Y,D534Y,0.0471,-4.4081
535,D,*,D535*,0.048345,-4.3705
535,D,A,D535A,0.026462,-5.2399
535,D,C,D535C,0.046426,-4.4289
535,D,D,D535D,1,0
535,D,E,D535E,0.039222,-4.6722
535,D,F,D535F,0.047367,-4.4
535,D,G,D535G,0.038625,-4.6943
535,D,H,D535H,0.022118,-5.4986
535,D,I,D535I,0.041195,-4.6014
535,D,K,D535K,0.053847,-4.215
535,D,L,D535L,0.014172,-6.1408
535,D,M,D535M,0.054535,-4.1967
535,D,N,D535N,0.08192,-3.6096
535,D,P,D535P,0.008525,-6.8741
535,D,Q,D535Q,0.051295,-4.285
535,D,R,D535R,0.014733,-6.0848
535,D,S,D535S,0.0097377,-6.6822
535,D,T,D535T,0.01343,-6.2184
535,D,V,D535V,0.042426,-4.5589
535,D,W,D535W,0.045829,-4.4476
535,D,Y,D535Y,0.10981,-3.1869
536,T,*,T536*,0.047557,-4.3942
536,T,A,T536A,0.047107,-4.4079
536,T,C,T536C,0.069641,-3.8439
536,T,D,T536D,0.041399,-4.5943
536,T,E,T536E,0.04984,-4.3266
536,T,F,T536F,0.061219,-4.0299
536,T,G,T536G,0.02871,-5.1223
536,T,H,T536H,0.027007,-5.2105
536,T,I,T536I,0.093878,-3.4131
536,T,K,T536K,0.049335,-4.3413
536,T,L,T536L,0.013999,-6.1585
536,T,M,T536M,0.040838,-4.614
536,T,N,T536N,0.044244,-4.4984
536,T,P,T536P,0.01866,-5.7439
536,T,Q,T536Q,0.039827,-4.6501
536,T,R,T536R,0.011229,-6.4766
536,T,S,T536S,0.025135,-5.3141
536,T,T,T536T,1,0
536,T,V,T536V,0.022347,-5.4838
536,T,W,T536W,0.10391,-3.2666
536,T,Y,T536Y,0.035691,-4.8083
537,A,*,A537*,0.049123,-4.3475
537,A,A,A537A,1,0
537,A,C,A537C,0.029938,-5.0619
537,A,D,A537D,0.038793,-4.6881
537,A,E,A537E,0.040077,-4.6411
537,A,F,A537F,0.050886,-4.2966
537,A,G,A537G,0.012726,-6.296
537,A,H,A537H,0.032391,-4.9483
537,A,I,A537I,0.061658,-4.0196
537,A,K,A537K,0.064015,-3.9654
537,A,L,A537L,0.014106,-6.1475
537,A,M,A537M,0.057901,-4.1103
537,A,N,A537N,0.046114,-4.4387
537,A,P,A537P,0.012324,-6.3424
537,A,Q,A537Q,0.044485,-4.4905
537,A,R,A537R,0.013033,-6.2617
537,A,S,A537S,0.0091998,-6.7642
537,A,T,A537T,0.09886,-3.3385
537,A,V,A537V,0.14459,-2.79
537,A,W,A537W,0.049698,-4.3307
537,A,Y,A537Y,0.046727,-4.4196
538,G,*,G538*,0.02449,-5.3517
538,G,A,G538A,4.9637,2.3114
538,G,C,G538C,0.01688,-5.8885
538,G,D,G538D,0.038603,-4.6952
538,G,E,G538E,0.029471,-5.0846
538,G,F,G538F,0.02276,-5.4573
538,G,G,G538G,1,0
538,G,H,G538H,0.013698,-6.1899
538,G,I,G538I,0.025943,-5.2685
538,G,K,G538K,0.039433,-4.6645
538,G,L,G538L,0.0083708,-6.9004
538,G,M,G538M,0.029609,-5.0778
538,G,N,G538N,0.01937,-5.69
538,G,P,G538P,0.0060879,-7.3598
538,G,Q,G538Q,0.024697,-5.3395
538,G,R,G538R,0.51671,-0.95258
538,G,S,G538S,0.056866,-4.1363
538,G,T,G538T,0.0093393,-6.7425
538,G,V,G538V,0.019025,-5.716
538,G,W,G538W,0.032515,-4.9428
538,G,Y,G538Y,0.020408,-5.6147
539,W,*,W539*,0.024212,-5.3681
539,W,A,W539A,0.019992,-5.6444
539,W,C,W539C,0.02923,-5.0964
539,W,D,W539D,0.062778,-3.9936
539,W,E,W539E,0.045947,-4.4439
539,W,F,W539F,0.043666,-4.5173
539,W,G,W539G,0.028253,-5.1455
539,W,H,W539H,0.022876,-5.45
539,W,I,W539I,0.047723,-4.3892
539,W,K,W539K,0.047609,-4.3926
539,W,L,W539L,0.0091242,-6.7761
539,W,M,W539M,0.03956,-4.6598
539,W,N,W539N,0.045393,-4.4614
539,W,P,W539P,0.0091079,-6.7787
539,W,Q,W539Q,0.027389,-5.1903
539,W,R,W539R,0.03609,-4.7923
539,W,S,W539S,0.010363,-6.5925
539,W,T,W539T,0.013898,-6.169
539,W,V,W539V,0.022697,-5.4614
539,W,W,W539W,1,0
539,W,Y,W539Y,0.043422,-4.5254
540,D,*,D540*,0.054107,-4.208
540,D,A,D540A,0.011378,-6.4577
540,D,C,D540C,0.035414,-4.8195
540,D,D,D540D,1,0
540,D,E,D540E,0.041313,-4.5972
540,D,F,D540F,0.03924,-4.6715
540,D,G,D540G,0.03688,-4.761
540,D,H,D540H,0.012558,-6.3153
540,D,I,D540I,0.035852,-4.8018
540,D,K,D540K,0.078413,-3.6728
540,D,L,D540L,0.010923,-6.5166
540,D,M,D540M,0.068417,-3.8695
540,D,N,D540N,0.030441,-5.0378
540,D,P,D540P,0.0058489,-7.4176
540,D,Q,D540Q,0.050753,-4.3004
540,D,R,D540R,0.014985,-6.0604
540,D,S,D540S,0.0091527,-6.7716
540,D,T,D540T,0.0092201,-6.761
540,D,V,D540V,0.030627,-5.0291
540,D,W,D540W,0.079677,-3.6497
540,D,Y,D540Y,0.030357,-5.0418
541,T,*,T541*,0.07441,-3.7484
541,T,A,T541A,0.036638,-4.7705
541,T,C,T541C,0.061071,-4.0334
541,T,D,T541D,0.06916,-3.8539
541,T,E,T541E,0.10691,-3.2255
541,T,F,T541F,0.065494,-3.9325
541,T,G,T541G,0.025639,-5.2855
541,T,H,T541H,0.031576,-4.985
541,T,I,T541I,0.022186,-5.4942
541,T,K,T541K,0.081672,-3.614
541,T,L,T541L,0.017432,-5.8421
541,T,M,T541M,0.087301,-3.5179
541,T,N,T541N,0.037371,-4.7419
541,T,P,T541P,0.0077343,-7.0145
541,T,Q,T541Q,0.44831,-1.1574
541,T,R,T541R,0.017385,-5.8461
541,T,S,T541S,0.019963,-5.6466
541,T,T,T541T,1,0
541,T,V,T541V,0.029234,-5.0962
541,T,W,T541W,0.081435,-3.6182
541,T,Y,T541Y,0.044301,-4.4965
542,R,*,R542*,0.03412,-4.8732
542,R,A,R542A,0.013609,-6.1993
542,R,C,R542C,0.02796,-5.1605
542,R,D,R542D,0.032635,-4.9374
542,R,E,R542E,0.045064,-4.4719
542,R,F,R542F,0.040477,-4.6268
542,R,G,R542G,0.010966,-6.5109
542,R,H,R542H,0.0091527,-6.7716
542,R,I,R542I,0.047642,-4.3916
542,R,K,R542K,0.6299,-0.66681
542,R,L,R542L,0.019266,-5.6978
542,R,M,R542M,0.04845,-4.3674
542,R,N,R542N,0.034142,-4.8723
542,R,P,R542P,0.0062911,-7.3125
542,R,Q,R542Q,0.040237,-4.6353
542,R,R,R542R,1,0
542,R,S,R542S,0.038598,-4.6953
542,R,T,R542T,0.013521,-6.2086
542,R,V,R542V,0.01966,-5.6686
542,R,W,R542W,0.040805,-4.6151
542,R,Y,R542Y,0.031892,-4.9706
543,I,*,I543*,0.062079,-4.0098
543,I,A,I543A,0.032162,-4.9585
543,I,C,I543C,0.072839,-3.7792
543,I,D,I543D,0.074851,-3.7398
543,I,E,I543E,0.090334,-3.4686
543,I,F,I543F,0.10538,-3.2463
543,I,G,I543G,0.03015,-5.0517
543,I,H,I543H,0.045459,-4.4593
543,I,I,I543I,1,0
543,I,K,I543K,0.070477,-3.8267
543,I,L,I543L,0.017349,-5.849
543,I,M,I543M,0.1895,-2.3997
543,I,N,I543N,0.057239,-4.1269
543,I,P,I543P,0.030179,-5.0503
543,I,Q,I543Q,0.055985,-4.1588
543,I,R,I543R,0.015192,-6.0406
543,I,S,I543S,0.038169,-4.7115
543,I,T,I543T,0.075142,-3.7342
543,I,V,I543V,0.73305,-0.44801
543,I,W,I543W,0.054323,-4.2023
543,I,Y,I543Y,0.066045,-3.9204
544,S,*,S544*,0.03837,-4.7039
544,S,A,S544A,0.01738,-5.8465
544,S,C,S544C,0.071775,-3.8004
544,S,D,S544D,0.03491,-4.8402
544,S,E,S544E,0.04454,-4.4888
544,S,F,S544F,0.044653,-4.4851
544,S,G,S544G,0.043411,-4.5258
544,S,H,S544H,0.50957,-0.97264
544,S,I,S544I,0.056201,-4.1533
544,S,K,S544K,0.033029,-4.9201
544,S,L,S544L,0.011436,-6.4503
544,S,M,S544M,0.044841,-4.479
544,S,N,S544N,0.211,-2.2447
544,S,P,S544P,0.0084264,-6.8909
544,S,Q,S544Q,0.038558,-4.6968
544,S,R,S544R,0.011887,-6.3944
544,S,S,S544S,1,0
544,S,T,S544T,1.4561,0.54213
544,S,V,S544V,0.018696,-5.7411
544,S,W,S544W,0.036903,-4.7601
544,S,Y,S544Y,0.030019,-5.058
545,K,*,K545*,0.013941,-6.1645
545,K,A,K545A,0.22531,-2.15
545,K,C,K545C,0.21272,-2.2329
545,K,D,K545D,0.026583,-5.2333
545,K,E,K545E,0.036862,-4.7617
545,K,F,K545F,0.057951,-4.109
545,K,G,K545G,0.022448,-5.4773
545,K,H,K545H,0.10403,-3.2649
545,K,I,K545I,0.69742,-0.51989
545,K,K,K545K,1,0
545,K,L,K545L,0.090914,-3.4593
545,K,M,K545M,0.28438,-1.8141
545,K,N,K545N,0.06953,-3.8462
545,K,P,K545P,0.0059074,-7.4033
545,K,Q,K545Q,0.40389,-1.308
545,K,R,K545R,1.3967,0.48206
545,K,S,K545S,0.6136,-0.70463
545,K,T,K545T,0.34806,-1.5226
545,K,V,K545V,0.22602,-2.1455
545,K,W,K545W,0.026465,-5.2398
545,K,Y,K545Y,0.044423,-4.4925
546,F,*,F546*,0.015301,-6.0303
546,F,A,F546A,0.17206,-2.539
546,F,C,F546C,0.19436,-2.3632
546,F,D,F546D,0.066422,-3.9122
546,F,E,F546E,0.030127,-5.0528
546,F,F,F546F,1,0
546,F,G,F546G,0.01451,-6.1068
546,F,H,F546H,0.29261,-1.7729
546,F,I,F546I,0.07765,-3.6869
546,F,K,F546K,0.019729,-5.6636
546,F,L,F546L,0.071561,-3.8047
546,F,M,F546M,0.054205,-4.2054
546,F,N,F546N,0.033962,-4.8799
546,F,P,F546P,0.0060886,-7.3597
546,F,Q,F546Q,0.019887,-5.652
546,F,R,F546R,0.009212,-6.7623
546,F,S,F546S,0.037006,-4.7561
546,F,T,F546T,0.038904,-4.6839
546,F,V,F546V,0.08532,-3.551
546,F,W,F546W,0.90432,-0.14509
546,F,Y,F546Y,0.81046,-0.30318
547,D,*,D547*,0.021721,-5.5248
547,D,A,D547A,0.016747,-5.9
547,D,C,D547C,0.024928,-5.3261
547,D,D,D547D,1,0
547,D,E,D547E,0.023616,-5.4041
547,D,F,D547F,0.035189,-4.8287
547,D,G,D547G,0.036258,-4.7855
547,D,H,D547H,0.012243,-6.3519
547,D,I,D547I,0.020951,-5.5768
547,D,K,D547K,0.021136,-5.5641
547,D,L,D547L,0.009649,-6.6954
547,D,M,D547M,0.023873,-5.3885
547,D,N,D547N,0.037299,-4.7447
547,D,P,D547P,0.0061428,-7.3469
547,D,Q,D547Q,0.025227,-5.3089
547,D,R,D547R,0.0075681,-7.0459
547,D,S,D547S,0.0065847,-7.2467
547,D,T,D547T,0.0068412,-7.1915
547,D,V,D547V,0.014922,-6.0664
547,D,W,D547W,0.034976,-4.8375
547,D,Y,D547Y,0.039365,-4.6669
548,L,*,L548*,0.017377,-5.8466
548,L,A,L548A,0.0096858,-6.6899
548,L,C,L548C,0.023146,-5.4331
548,L,D,L548D,0.015668,-5.996
548,L,E,L548E,0.031749,-4.9771
548,L,F,L548F,0.024912,-5.327
548,L,G,L548G,0.011936,-6.3885
548,L,H,L548H,0.010925,-6.5162
548,L,I,L548I,0.018574,-5.7506
548,L,K,L548K,0.016452,-5.9256
548,L,L,L548L,1,0
548,L,M,L548M,0.044412,-4.4929
548,L,N,L548N,0.011837,-6.4006
548,L,P,L548P,0.013745,-6.1849
548,L,Q,L548Q,0.099479,-3.3295
548,L,R,L548R,0.0068798,-7.1834
548,L,S,L548S,0.0060394,-7.3714
548,L,T,L548T,0.0055551,-7.492
548,L,V,L548V,0.011424,-6.4518
548,L,W,L548W,0.026964,-5.2128
548,L,Y,L548Y,0.017634,-5.8255
549,E,*,E549*,0.049624,-4.3328
549,E,A,E549A,0.30605,-1.7082
549,E,C,E549C,0.28795,-1.7961
549,E,D,E549D,1.2224,0.28975
549,E,E,E549E,1,0
549,E,F,E549F,0.092891,-3.4283
549,E,G,E549G,0.16632,-2.588
549,E,H,E549H,0.41068,-1.2839
549,E,I,E549I,0.32116,-1.6386
549,E,K,E549K,0.03652,-4.7751
549,E,L,E549L,0.13434,-2.896
549,E,M,E549M,0.47704,-1.0678
549,E,N,E549N,0.25039,-1.9978
549,E,P,E549P,0.0067462,-7.2117
549,E,Q,E549Q,0.81487,-0.29536
549,E,R,E549R,0.14174,-2.8187
549,E,S,E549S,0.1693,-2.5623
549,E,T,E549T,0.080371,-3.6372
549,E,V,E549V,0.28503,-1.8108
549,E,W,E549W,0.07849,-3.6713
549,E,Y,E549Y,0.1549,-2.6906
550,N,*,N550*,0.045897,-4.4455
550,N,A,N550A,0.020142,-5.6337
550,N,C,N550C,0.11076,-3.1745
550,N,D,N550D,0.050186,-4.3166
550,N,E,N550E,0.0616,-4.0209
550,N,F,N550F,0.056807,-4.1378
550,N,G,N550G,0.028702,-5.1227
550,N,H,N550H,0.10953,-3.1906
550,N,I,N550I,0.048657,-4.3612
550,N,K,N550K,0.047482,-4.3965
550,N,L,N550L,0.015125,-6.0469
550,N,M,N550M,0.050615,-4.3043
550,N,N,N550N,1,0
550,N,P,N550P,0.0081126,-6.9456
550,N,Q,N550Q,0.039332,-4.6681
550,N,R,N550R,0.013073,-6.2572
550,N,S,N550S,0.0097352,-6.6826
550,N,T,N550T,0.013316,-6.2307
550,N,V,N550V,0.036721,-4.7672
550,N,W,N550W,0.056919,-4.1349
550,N,Y,N550Y,0.042242,-4.5652
551,E,*,E551*,0.028271,-5.1445
551,E,A,E551A,0.012822,-6.2853
551,E,C,E551C,0.025148,-5.3134
551,E,D,E551D,0.062578,-3.9982
551,E,E,E551E,1,0
551,E,F,E551F,0.041618,-4.5866
551,E,G,E551G,0.0057653,-7.4384
551,E,H,E551H,0.014774,-6.0808
551,E,I,E551I,0.02662,-5.2314
551,E,K,E551K,0.019653,-5.6691
551,E,L,E551L,0.0087831,-6.8311
551,E,M,E551M,0.033871,-4.8838
551,E,N,E551N,0.016695,-5.9044
551,E,P,E551P,0.00542,-7.5275
551,E,Q,E551Q,0.031169,-5.0038
551,E,R,E551R,0.0090534,-6.7873
551,E,S,E551S,0.0079874,-6.9681
551,E,T,E551T,0.0070115,-7.1561
551,E,V,E551V,0.078598,-3.6694
551,E,W,E551W,0.043735,-4.5151
551,E,Y,E551Y,0.0218,-5.5195
552,A,*,A552*,0.027367,-5.1914
552,A,A,A552A,1,0
552,A,C,A552C,0.1594,-2.6493
552,A,D,A552D,0.040132,-4.6391
552,A,E,A552E,0.072091,-3.794
552,A,F,A552F,0.030704,-5.0254
552,A,G,A552G,0.048673,-4.3607
552,A,H,A552H,0.017112,-5.8688
552,A,I,A552I,0.036091,-4.7922
552,A,K,A552K,0.049224,-4.3445
552,A,L,A552L,0.012857,-6.2813
552,A,M,A552M,0.2152,-2.2162
552,A,N,A552N,0.030214,-5.0486
552,A,P,A552P,0.011969,-6.3845
552,A,Q,A552Q,0.40643,-1.2989
552,A,R,A552R,0.011051,-6.4997
552,A,S,A552S,0.74375,-0.42712
552,A,T,A552T,0.046193,-4.4362
552,A,V,A552V,0.03303,-4.9201
552,A,W,A552W,0.044908,-4.4769
552,A,Y,A552Y,0.024796,-5.3338
553,L,*,L553*,0.029354,-5.0903
553,L,A,L553A,0.17907,-2.4814
553,L,C,L553C,0.040497,-4.626
553,L,D,L553D,0.046534,-4.4256
553,L,E,L553E,0.12998,-2.9436
553,L,F,L553F,0.055223,-4.1786
553,L,G,L553G,0.35038,-1.513
553,L,H,L553H,0.036619,-4.7713
553,L,I,L553I,0.80296,-0.31659
553,L,K,L553K,0.69949,-0.51563
553,L,L,L553L,1,0
553,L,M,L553M,0.80105,-0.32003
553,L,N,L553N,0.044816,-4.4798
553,L,P,L553P,0.089584,-3.4806
553,L,Q,L553Q,0.26527,-1.9145
553,L,R,L553R,0.10951,-3.1908
553,L,S,L553S,0.024151,-5.3718
553,L,T,L553T,0.020518,-5.6069
553,L,V,L553V,0.044866,-4.4782
553,L,W,L553W,0.049283,-4.3428
553,L,Y,L553Y,0.089584,-3.4806
554,I,*,I554*,0.035871,-4.801
554,I,A,I554A,0.014083,-6.1499
554,I,C,I554C,0.11611,-3.1065
554,I,D,I554D,0.038116,-4.7135
554,I,E,I554E,0.059343,-4.0748
554,I,F,I554F,0.06789,-3.8807
554,I,G,I554G,0.018752,-5.7368
554,I,H,I554H,0.016762,-5.8987
554,I,I,I554I,1,0
554,I,K,I554K,0.044954,-4.4754
554,I,L,I554L,0.069803,-3.8406
554,I,M,I554M,0.043015,-4.539
554,I,N,I554N,0.036534,-4.7746
554,I,P,I554P,0.0081641,-6.9365
554,I,Q,I554Q,0.036968,-4.7576
554,I,R,I554R,0.011506,-6.4414
554,I,S,I554S,0.014287,-6.1291
554,I,T,I554T,0.021125,-5.5649
554,I,V,I554V,0.83779,-0.25534
554,I,W,I554W,0.034136,-4.8726
554,I,Y,I554Y,0.026074,-5.2612
555,T,*,T555*,0.02093,-5.5783
555,T,A,T555A,0.17219,-2.5379
555,T,C,T555C,1.3544,0.43764
555,T,D,T555D,0.036296,-4.7841
555,T,E,T555E,0.035785,-4.8045
555,T,F,T555F,0.042881,-4.5435
555,T,G,T555G,0.019297,-5.6955
555,T,H,T555H,0.017255,-5.8569
555,T,I,T555I,0.27459,-1.8646
555,T,K,T555K,0.041962,-4.5748
555,T,L,T555L,0.44178,-1.1786
555,T,M,T555M,0.38445,-1.3791
555,T,N,T555N,0.018225,-5.778
555,T,P,T555P,0.0056154,-7.4764
555,T,Q,T555Q,0.035632,-4.8107
555,T,R,T555R,0.010057,-6.6357
555,T,S,T555S,0.13543,-2.8843
555,T,T,T555T,1,0
555,T,V,T555V,0.9928,-0.010422
555,T,W,T555W,0.040431,-4.6284
555,T,Y,T555Y,0.024861,-5.33
556,N,*,N556*,0.013633,-6.1968
556,N,A,N556A,0.23784,-2.072
556,N,C,N556C,0.014891,-6.0694
556,N,D,N556D,1.1739,0.23127
556,N,E,N556E,1.5117,0.59621
556,N,F,N556F,0.153,-2.7084
556,N,G,N556G,0.57781,-0.79133
556,N,H,N556H,0.76919,-0.37859
556,N,I,N556I,0.016779,-5.8972
556,N,K,N556K,0.83148,-0.26625
556,N,L,N556L,0.24444,-2.0324
556,N,M,N556M,0.61231,-0.70766
556,N,N,N556N,1,0
556,N,P,N556P,0.0036703,-8.0899
556,N,Q,N556Q,1.1495,0.20105
556,N,R,N556R,0.78932,-0.34131
556,N,S,N556S,0.37919,-1.399
556,N,T,N556T,0.60182,-0.73258
556,N,V,N556V,0.063549,-3.976
556,N,W,N556W,0.13926,-2.8441
556,N,Y,N556Y,0.20323,-2.2988
557,Q,*,Q557*,0.077683,-3.6863
557,Q,A,Q557A,0.11319,-3.1432
557,Q,C,Q557C,0.038917,-4.6835
557,Q,D,Q557D,0.17623,-2.5045
557,Q,E,Q557E,0.27046,-1.8865
557,Q,F,Q557F,0.67583,-0.56527
557,Q,G,Q557G,0.0078736,-6.9888
557,Q,H,Q557H,0.4494,-1.1539
557,Q,I,Q557I,0.029238,-5.096
557,Q,K,Q557K,0.017803,-5.8117
557,Q,L,Q557L,0.5991,-0.73914
557,Q,M,Q557M,0.53581,-0.90021
557,Q,N,Q557N,0.011936,-6.3886
557,Q,P,Q557P,0.0042126,-7.8911
557,Q,Q,Q557Q,1,0
557,Q,R,Q557R,0.015145,-6.045
557,Q,S,Q557S,0.11279,-3.1483
557,Q,T,Q557T,0.0074724,-7.0642
557,Q,V,Q557V,0.0082247,-6.9258
557,Q,W,Q557W,0.25321,-1.9816
557,Q,Y,Q557Y,0.61058,-0.71174
558,M,*,M558*,0.012767,-6.2914
558,M,A,M558A,0.007783,-7.0055
558,M,C,M558C,0.022221,-5.4919
558,M,D,M558D,0.020913,-5.5795
558,M,E,M558E,0.023015,-5.4413
558,M,F,M558F,0.017961,-5.799
558,M,G,M558G,0.011208,-6.4793
558,M,H,M558H,0.0094816,-6.7206
558,M,I,M558I,0.040976,-4.6091
558,M,K,M558K,0.026008,-5.2649
558,M,L,M558L,0.02172,-5.5248
558,M,M,M558M,1,0
558,M,N,M558N,0.016318,-5.9374
558,M,P,M558P,0.0037314,-8.0661
558,M,Q,M558Q,0.011111,-6.4919
558,M,R,M558R,0.010776,-6.536
558,M,S,M558S,0.0052072,-7.5853
558,M,T,M558T,0.025994,-5.2657
558,M,V,M558V,0.067875,-3.881
558,M,W,M558W,0.02392,-5.3856
558,M,Y,M558Y,0.013324,-6.2298
559,E,*,E559*,0.0092459,-6.757
559,E,A,E559A,0.79139,-0.33754
559,E,C,E559C,0.57873,-0.78903
559,E,D,E559D,1.1228,0.1671
559,E,E,E559E,1,0
559,E,F,E559F,0.020322,-5.6208
559,E,G,E559G,0.42666,-1.2288
559,E,H,E559H,0.52904,-0.91856
559,E,I,E559I,0.04883,-4.3561
559,E,K,E559K,0.54878,-0.8657
559,E,L,E559L,0.1776,-2.4933
559,E,M,E559M,0.33892,-1.561
559,E,N,E559N,0.78542,-0.34847
559,E,P,E559P,0.16017,-2.6424
559,E,Q,E559Q,0.69132,-0.53257
559,E,R,E559R,0.25407,-1.9767
559,E,S,E559S,1.004,0.005824
559,E,T,E559T,0.86006,-0.21749
559,E,V,E559V,0.22749,-2.1361
559,E,W,E559W,0.019166,-5.7053
559,E,Y,E559Y,0.036984,-4.757
560,E,*,E560*,0.027434,-5.1879
560,E,A,E560A,0.99448,-0.0079808
560,E,C,E560C,0.41897,-1.2551
560,E,D,E560D,1.2855,0.36235
560,E,E,E560E,1,0
560,E,F,E560F,0.22991,-2.1209
560,E,G,E560G,0.2818,-1.8273
560,E,H,E560H,0.99836,-0.0023681
560,E,I,E560I,0.66528,-0.58798
560,E,K,E560K,0.55867,-0.83993
560,E,L,E560L,0.55703,-0.84417
560,E,M,E560M,0.49143,-1.025
560,E,N,E560N,0.71835,-0.47723
560,E,P,E560P,1.3747,0.4591
560,E,Q,E560Q,1.2011,0.2644
560,E,R,E560R,0.67571,-0.56552
560,E,S,E560S,1.0987,0.1358
560,E,T,E560T,0.8518,-0.23142
560,E,V,E560V,0.68153,-0.55316
560,E,W,E560W,0.23528,-2.0876
560,E,Y,E560Y,0.56344,-0.82766
561,G,*,G561*,0.013654,-6.1945
561,G,A,G561A,0.97825,-0.031731
561,G,C,G561C,0.97616,-0.034806
561,G,D,G561D,0.78176,-0.3552
561,G,E,G561E,0.64777,-0.62645
561,G,F,G561F,1.6036,0.68128
561,G,G,G561G,1,0
561,G,H,G561H,2.1118,1.0785
561,G,I,G561I,0.7003,-0.51395
561,G,K,G561K,1.2206,0.28753
561,G,L,G561L,0.94006,-0.089175
561,G,M,G561M,0.98635,-0.019835
561,G,N,G561N,1.396,0.48127
561,G,P,G561P,0.85767,-0.2215
561,G,Q,G561Q,1.1143,0.15617
561,G,R,G561R,1.4564,0.54238
561,G,S,G561S,1.1791,0.23772
561,G,T,G561T,1.0213,0.030395
561,G,V,G561V,0.75422,-0.40694
561,G,W,G561W,1.0741,0.10307
561,G,Y,G561Y,2.3293,1.2199
562,H,*,H562*,0.037876,-4.7226
562,H,A,H562A,0.012113,-6.3673
562,H,C,H562C,0.025267,-5.3066
562,H,D,H562D,0.023614,-5.4042
562,H,E,H562E,0.061424,-4.0251
562,H,F,H562F,0.030753,-5.0231
562,H,G,H562G,0.013881,-6.1707
562,H,H,H562H,1,0
562,H,I,H562I,0.02135,-5.5496
562,H,K,H562K,0.0447,-4.4836
562,H,L,H562L,0.0077998,-7.0023
562,H,M,H562M,0.044948,-4.4756
562,H,N,H562N,0.027085,-5.2064
562,H,P,H562P,0.0040486,-7.9483
562,H,Q,H562Q,0.18708,-2.4183
562,H,R,H562R,0.025102,-5.3161
562,H,S,H562S,0.0064944,-7.2666
562,H,T,H562T,0.0069901,-7.1605
562,H,V,H562V,0.016922,-5.885
562,H,W,H562W,0.042536,-4.5552
562,H,Y,H562Y,0.012493,-6.3227
563,R,*,R563*,0.034909,-4.8403
563,R,A,R563A,0.8062,-0.3108
563,R,C,R563C,0.055955,-4.1596
563,R,D,R563D,0.030979,-5.0126
563,R,E,R563E,0.027549,-5.1819
563,R,F,R563F,0.023475,-5.4127
563,R,G,R563G,0.092543,-3.4337
563,R,H,R563H,0.012291,-6.3462
563,R,I,R563I,0.013971,-6.1614
563,R,K,R563K,0.98581,-0.020611
563,R,L,R563L,0.0095759,-6.7064
563,R,M,R563M,0.029156,-5.1
563,R,N,R563N,0.015722,-5.9911
563,R,P,R563P,0.0054311,-7.5245
563,R,Q,R563Q,0.30557,-1.7104
563,R,R,R563R,1,0
563,R,S,R563S,0.054168,-4.2064
563,R,T,R563T,0.0076107,-7.0378
563,R,V,R563V,0.012827,-6.2846
563,R,W,R563W,0.0303,-5.0445
563,R,Y,R563Y,0.019045,-5.7145
